Transaction_ID,Customer_ID,Date,Amount,Transaction_Type,Region
1001,C190,2023-01-01,798.68,Credit,North
1002,C016,2023-01-02,906.97,Debit,South
1003,C033,2023-01-03,1579.96,Debit,South
1004,C142,2023-01-04,1579.62,Credit,East
1005,C035,2023-01-05,3719.21,Debit,North
1006,C078,2023-01-06,3127.58,Debit,West
1007,C154,2023-01-07,2959.36,Credit,East
1008,C150,2023-01-08,1603.02,Credit,South
1009,C031,2023-01-09,4044.73,Debit,West
1010,C182,2023-01-10,2786.24,Debit,West
1011,C089,2023-01-11,1982.01,Debit,North
1012,C025,2023-01-12,4294.25,Debit,East
1013,C117,2023-01-13,1124.29,Debit,South
1014,C050,2023-01-14,2176.68,Credit,South
1015,C078,2023-01-15,4537.82,Credit,North
1016,C063,2023-01-16,3454.58,Credit,North
1017,C111,2023-01-17,1190.09,Debit,North
1018,C186,2023-01-18,3628.07,Credit,East
1019,C046,2023-01-19,236.56,Credit,South
1020,C125,2023-01-20,2173.59,Credit,North
1021,C199,2023-01-21,4695.22,Credit,West
1022,C121,2023-01-22,1437.41,Debit,North
1023,C163,2023-01-23,1996.64,Debit,South
1024,C163,2023-01-24,4547.44,Debit,North
1025,C166,2023-01-25,3018.74,Debit,North
1026,C114,2023-01-26,3094.44,Debit,North
1027,C162,2023-01-27,3180.86,Debit,North
1028,C134,2023-01-28,1264.15,Debit,East
1029,C119,2023-01-29,1777.57,Credit,East
1030,C049,2023-01-30,330.36,Credit,North
1031,C141,2023-01-31,4318.25,Debit,South
1032,C045,2023-02-01,2320.85,Debit,South
1033,C025,2023-02-02,2466.66,Debit,North
1034,C131,2023-02-03,1251.57,Credit,West
1035,C043,2023-02-04,,Debit,East
1036,C047,2023-02-05,3542.77,Debit,North
1037,C090,2023-02-06,2010.94,Debit,East
1038,C070,2023-02-07,1927.72,Credit,South
1039,C152,2023-02-08,4191.65,Credit,South
1040,C124,2023-02-09,4510.33,Credit,South
1041,C051,2023-01-01,,Credit,West
1042,C165,2023-01-02,3066.05,Debit,North
1043,C006,2023-01-03,1935.62,Credit,North
1044,C097,2023-01-04,1460.35,Debit,North
1045,C089,2023-01-05,149.17,Debit,West
1046,C031,2023-01-06,3813.82,Debit,East
1047,C058,2023-01-07,1648.49,Debit,North
1048,C093,2023-01-08,1027.88,Credit,West
1049,C084,2023-01-09,4790.57,Debit,North
1050,C009,2023-01-10,3700.44,Debit,East
1051,C122,2023-01-11,1212.77,Debit,West
1052,C072,2023-01-12,3641.44,Credit,West
1053,C068,2023-01-13,3040.96,Debit,East
1054,C070,2023-01-14,2585.26,Debit,East
1055,C023,2023-01-15,2613.5,Credit,East
1056,C081,2023-01-16,2401.09,Credit,West
1057,C100,2023-01-17,1482.61,Credit,East
1058,C179,2023-01-18,175.55,Credit,South
1059,C164,2023-01-19,2347.04,Credit,North
1060,C062,2023-01-20,2659.94,Debit,South
1061,C086,2023-01-21,,Debit,East
1062,C098,2023-01-22,1493.81,Debit,East
1063,C151,2023-01-23,579.37,Credit,West
1064,C087,2023-01-24,3581.9,Credit,West
1065,C015,2023-01-25,3050.46,Credit,East
1066,C116,2023-01-26,1395.1,Debit,South
1067,C179,2023-01-27,,Credit,East
1068,C020,2023-01-28,3883.22,Credit,West
1069,C016,2023-01-29,4841.19,Credit,West
1070,C132,2023-01-30,2260.82,Credit,South
1071,C051,2023-01-31,1470.76,Credit,West
1072,C128,2023-02-01,1929.54,Credit,West
1073,C149,2023-02-02,2478.95,Credit,East
1074,C059,2023-02-03,784.54,Credit,West
1075,C063,2023-02-04,4655.34,Debit,North
1076,C178,2023-02-05,3879.82,Debit,East
1077,C075,2023-02-06,4514.07,Debit,West
1078,C130,2023-02-07,4622.75,Debit,East
1079,C158,2023-02-08,2585.59,Debit,North
1080,C090,2023-02-09,2847.76,Credit,South
1081,C050,2023-01-01,197.8,Credit,North
1082,C159,2023-01-02,2482.56,Debit,East
1083,C076,2023-01-03,,Debit,South
1084,C115,2023-01-04,470.34,Credit,West
1085,C002,2023-01-05,4734.08,Debit,East
1086,C061,2023-01-06,2848.05,Debit,East
1087,C105,2023-01-07,4613.17,Debit,West
1088,C025,2023-01-08,3276.67,Credit,West
1089,C167,2023-01-09,221.84,Debit,South
1090,C192,2023-01-10,3609.03,Debit,East
1091,C078,2023-01-11,2818.86,Credit,West
1092,C103,2023-01-12,1262.28,Debit,East
1093,C074,2023-01-13,2263.89,Debit,South
1094,C053,2023-01-14,33.05,Debit,South
1095,C160,2023-01-15,3772.13,Debit,South
1096,C133,2023-01-16,736.53,Credit,East
1097,C182,2023-01-17,1456.33,Credit,West
1098,C070,2023-01-18,4709.88,Debit,South
1099,C104,2023-01-19,3076.7,Debit,East
1100,C175,2023-01-20,2137.91,Credit,East
1101,C025,2023-01-21,783.58,Debit,East
1102,C051,2023-01-22,4937.65,Debit,East
1103,C001,2023-01-23,1932.94,Debit,North
1104,C175,2023-01-24,1716.92,Debit,South
1105,C121,2023-01-25,116.86,Credit,East
1106,C098,2023-01-26,2093.35,Debit,South
1107,C098,2023-01-27,1023.31,Debit,West
1108,C140,2023-01-28,4791.11,Credit,West
1109,C054,2023-01-29,3062.21,Debit,East
1110,C138,2023-01-30,245.65,Debit,East
1111,C083,2023-01-31,1085.82,Debit,West
1112,C050,2023-02-01,2001.19,Debit,South
1113,C055,2023-02-02,1319.54,Debit,North
1114,C037,2023-02-03,1831.65,Debit,South
1115,C133,2023-02-04,3315.8,Credit,East
1116,C096,2023-02-05,2544.06,Credit,North
1117,C150,2023-02-06,1037.84,Debit,East
1118,C138,2023-02-07,2730.16,Debit,West
1119,C151,2023-02-08,229.81,Debit,West
1120,C100,2023-02-09,3853.8,Debit,South
1121,C026,2023-01-01,3349.87,Debit,North
1122,C182,2023-01-02,476.47,Credit,East
1123,C001,2023-01-03,2523.13,Debit,North
1124,C183,2023-01-04,4916.91,Debit,North
1125,C086,2023-01-05,4757.71,Credit,West
1126,C063,2023-01-06,4747.4,Credit,North
1127,C143,2023-01-07,3252.68,Debit,West
1128,C199,2023-01-08,1577.51,Debit,West
1129,C034,2023-01-09,3405.58,Credit,West
1130,C137,2023-01-10,2718.84,Credit,North
1131,C198,2023-01-11,1706.28,Debit,North
1132,C180,2023-01-12,825.34,Debit,North
1133,C118,2023-01-13,4062.74,Credit,West
1134,C194,2023-01-14,1641.12,Credit,North
1135,C198,2023-01-15,540.75,Credit,South
1136,C085,2023-01-16,4118.47,Debit,South
1137,C086,2023-01-17,4627.61,Credit,North
1138,C053,2023-01-18,1595.14,Credit,North
1139,C140,2023-01-19,1517.83,Debit,South
1140,C064,2023-01-20,4460.37,Debit,West
1141,C004,2023-01-21,1579.36,Debit,East
1142,C056,2023-01-22,1487.42,Credit,East
1143,C192,2023-01-23,435.0,Credit,North
1144,C006,2023-01-24,4746.08,Debit,South
1145,C137,2023-01-25,4418.32,Debit,North
1146,C155,2023-01-26,531.31,Debit,North
1147,C190,2023-01-27,3546.61,Credit,West
1148,C106,2023-01-28,2832.04,Credit,West
1149,C074,2023-01-29,2396.01,Credit,South
1150,C062,2023-01-30,163.74,Debit,North
1151,C043,2023-01-31,,Credit,West
1152,C054,2023-02-01,270.81,Credit,East
1153,C006,2023-02-02,4159.25,Debit,West
1154,C092,2023-02-03,2749.14,Debit,South
1155,C140,2023-02-04,351.76,Debit,South
1156,C136,2023-02-05,1946.79,Credit,West
1157,C166,2023-02-06,84.57,Debit,West
1158,C082,2023-02-07,2982.57,Credit,South
1159,C050,2023-02-08,3097.03,Debit,South
1160,C095,2023-02-09,892.66,Debit,West
1161,C091,2023-01-01,1044.12,Debit,East
1162,C050,2023-01-02,3967.94,Debit,West
1163,C195,2023-01-03,2715.42,Debit,West
1164,C097,2023-01-04,1414.05,Debit,East
1165,C188,2023-01-05,1430.59,Debit,East
1166,C145,2023-01-06,4407.86,Credit,East
1167,C007,2023-01-07,97.47,Credit,West
1168,C084,2023-01-08,4176.23,Debit,East
1169,C014,2023-01-09,1515.86,Debit,West
1170,C077,2023-01-10,4108.12,Credit,East
1171,C131,2023-01-11,2815.78,Debit,South
1172,C051,2023-01-12,3256.45,Debit,North
1173,C141,2023-01-13,4848.43,Debit,West
1174,C052,2023-01-14,464.53,Debit,East
1175,C183,2023-01-15,3144.06,Debit,South
1176,C200,2023-01-16,1438.88,Credit,North
1177,C098,2023-01-17,3587.52,Debit,North
1178,C164,2023-01-18,4855.37,Debit,South
1179,C146,2023-01-19,4354.21,Debit,North
1180,C007,2023-01-20,,Debit,West
1181,C159,2023-01-21,3597.54,Credit,South
1182,C023,2023-01-22,4706.51,Debit,South
1183,C191,2023-01-23,132.51,Debit,South
1184,C157,2023-01-24,1913.86,Debit,West
1185,C060,2023-01-25,2047.89,Credit,South
1186,C009,2023-01-26,1242.96,Credit,South
1187,C042,2023-01-27,2260.29,Credit,East
1188,C171,2023-01-28,4018.67,Debit,South
1189,C058,2023-01-29,1581.72,Credit,West
1190,C009,2023-01-30,985.85,Debit,North
1191,C013,2023-01-31,3758.24,Debit,East
1192,C003,2023-02-01,3273.75,Credit,East
1193,C190,2023-02-02,191.19,Debit,East
1194,C156,2023-02-03,1609.56,Debit,West
1195,C092,2023-02-04,4623.13,Debit,North
1196,C007,2023-02-05,3153.7,Debit,North
1197,C082,2023-02-06,1954.1,Debit,West
1198,C131,2023-02-07,1893.41,Debit,North
1199,C068,2023-02-08,4124.78,Credit,North
1200,C033,2023-02-09,385.12,Debit,East
1201,C019,2023-01-01,2252.78,Debit,North
1202,C132,2023-01-02,3100.69,Debit,North
1203,C124,2023-01-03,4617.52,Debit,West
1204,C112,2023-01-04,3795.57,Credit,East
1205,C124,2023-01-05,395.86,Debit,North
1206,C137,2023-01-06,286.67,Credit,North
1207,C092,2023-01-07,,Debit,West
1208,C015,2023-01-08,1237.71,Debit,West
1209,C035,2023-01-09,2377.27,Debit,West
1210,C131,2023-01-10,357.83,Credit,South
1211,C007,2023-01-11,3576.66,Debit,East
1212,C118,2023-01-12,2316.05,Credit,North
1213,C197,2023-01-13,1811.04,Debit,South
1214,C160,2023-01-14,2532.31,Debit,North
1215,C021,2023-01-15,3598.24,Debit,East
1216,C049,2023-01-16,,Debit,North
1217,C183,2023-01-17,3978.67,Debit,South
1218,C039,2023-01-18,147.11,Debit,North
1219,C106,2023-01-19,4339.14,Debit,North
1220,C025,2023-01-20,704.08,Credit,South
1221,C121,2023-01-21,1810.44,Debit,South
1222,C132,2023-01-22,4287.4,Debit,West
1223,C055,2023-01-23,3132.64,Credit,South
1224,C107,2023-01-24,2687.68,Credit,East
1225,C193,2023-01-25,1166.58,Credit,South
1226,C103,2023-01-26,3783.59,Debit,West
1227,C020,2023-01-27,3471.35,Credit,North
1228,C048,2023-01-28,4559.86,Debit,West
1229,C058,2023-01-29,946.12,Debit,North
1230,C094,2023-01-30,4713.45,Credit,South
1231,C042,2023-01-31,647.12,Credit,South
1232,C181,2023-02-01,1322.42,Credit,West
1233,C151,2023-02-02,4995.39,Debit,North
1234,C122,2023-02-03,,Debit,East
1235,C106,2023-02-04,4604.51,Debit,South
1236,C167,2023-02-05,316.72,Debit,North
1237,C117,2023-02-06,2542.62,Credit,East
1238,C182,2023-02-07,764.37,Credit,East
1239,C152,2023-02-08,4091.63,Debit,North
1240,C047,2023-02-09,,Credit,North
1241,C167,2023-01-01,4731.84,Credit,North
1242,C176,2023-01-02,4885.95,Credit,East
1243,C036,2023-01-03,4213.28,Debit,West
1244,C136,2023-01-04,3564.99,Credit,East
1245,C007,2023-01-05,2804.94,Credit,East
1246,C145,2023-01-06,3778.19,Credit,South
1247,C102,2023-01-07,2223.7,Debit,South
1248,C055,2023-01-08,1302.91,Credit,East
1249,C023,2023-01-09,250.5,Debit,East
1250,C136,2023-01-10,2446.99,Debit,East
1251,C050,2023-01-11,2791.23,Credit,West
1252,C041,2023-01-12,1724.59,Debit,West
1253,C067,2023-01-13,2741.07,Debit,East
1254,C062,2023-01-14,424.02,Debit,East
1255,C153,2023-01-15,3493.58,Credit,West
1256,C198,2023-01-16,752.47,Credit,East
1257,C104,2023-01-17,1118.03,Credit,East
1258,C042,2023-01-18,4719.23,Credit,North
1259,C191,2023-01-19,4580.38,Credit,West
1260,C182,2023-01-20,,Debit,North
1261,C092,2023-01-21,740.01,Credit,South
1262,C007,2023-01-22,4659.02,Debit,East
1263,C013,2023-01-23,3549.37,Debit,East
1264,C027,2023-01-24,,Credit,East
1265,C094,2023-01-25,990.96,Debit,West
1266,C130,2023-01-26,3416.02,Credit,South
1267,C163,2023-01-27,2632.69,Debit,South
1268,C157,2023-01-28,298.79,Credit,East
1269,C057,2023-01-29,1879.22,Debit,South
1270,C181,2023-01-30,2058.22,Credit,West
1271,C041,2023-01-31,,Debit,West
1272,C131,2023-02-01,426.53,Credit,West
1273,C093,2023-02-02,4236.45,Credit,West
1274,C031,2023-02-03,3699.67,Credit,East
1275,C146,2023-02-04,,Debit,North
1276,C047,2023-02-05,,Credit,West
1277,C100,2023-02-06,644.45,Credit,South
1278,C192,2023-02-07,4033.44,Debit,North
1279,C171,2023-02-08,4068.57,Credit,East
1280,C100,2023-02-09,11.0,Debit,North
1281,C165,2023-01-01,427.66,Credit,South
1282,C168,2023-01-02,4304.86,Credit,South
1283,C112,2023-01-03,2120.64,Credit,South
1284,C021,2023-01-04,1983.78,Debit,South
1285,C121,2023-01-05,3226.21,Credit,North
1286,C089,2023-01-06,4596.98,Credit,West
1287,C086,2023-01-07,227.37,Debit,South
1288,C028,2023-01-08,4714.58,Debit,East
1289,C003,2023-01-09,4494.11,Credit,South
1290,C051,2023-01-10,,Credit,West
1291,C092,2023-01-11,2171.16,Credit,North
1292,C095,2023-01-12,4910.1,Debit,North
1293,C011,2023-01-13,4531.2,Credit,North
1294,C048,2023-01-14,4930.95,Credit,South
1295,C172,2023-01-15,1919.55,Debit,South
1296,C117,2023-01-16,508.03,Credit,North
1297,C008,2023-01-17,898.31,Credit,East
1298,C131,2023-01-18,2820.73,Debit,North
1299,C198,2023-01-19,3658.48,Debit,West
1300,C070,2023-01-20,,Credit,North
1301,C076,2023-01-21,883.96,Credit,West
1302,C066,2023-01-22,4541.64,Debit,North
1303,C065,2023-01-23,1980.79,Credit,East
1304,C023,2023-01-24,3348.37,Credit,North
1305,C183,2023-01-25,4110.33,Credit,West
1306,C193,2023-01-26,1770.48,Credit,East
1307,C013,2023-01-27,1650.81,Debit,North
1308,C012,2023-01-28,3536.16,Credit,South
1309,C090,2023-01-29,4611.05,Debit,West
1310,C071,2023-01-30,701.35,Debit,North
1311,C157,2023-01-31,1417.37,Debit,South
1312,C085,2023-02-01,1282.89,Debit,South
1313,C127,2023-02-02,,Debit,South
1314,C144,2023-02-03,3605.26,Debit,North
1315,C042,2023-02-04,4130.54,Credit,East
1316,C125,2023-02-05,,Credit,West
1317,C125,2023-02-06,2538.0,Debit,South
1318,C138,2023-02-07,589.54,Credit,East
1319,C001,2023-02-08,3595.62,Debit,East
1320,C122,2023-02-09,2778.01,Credit,West
1321,C091,2023-01-01,,Debit,North
1322,C055,2023-01-02,3379.88,Credit,East
1323,C186,2023-01-03,1240.73,Debit,North
1324,C195,2023-01-04,252.37,Debit,North
1325,C169,2023-01-05,3423.18,Credit,North
1326,C159,2023-01-06,4756.71,Debit,East
1327,C112,2023-01-07,,Debit,South
1328,C198,2023-01-08,572.67,Debit,North
1329,C086,2023-01-09,2419.18,Debit,South
1330,C037,2023-01-10,3178.6,Debit,South
1331,C078,2023-01-11,1310.49,Credit,South
1332,C160,2023-01-12,2463.96,Debit,East
1333,C191,2023-01-13,599.37,Credit,East
1334,C199,2023-01-14,,Debit,East
1335,C158,2023-01-15,2951.9,Credit,East
1336,C122,2023-01-16,2371.51,Debit,East
1337,C037,2023-01-17,2149.6,Debit,South
1338,C014,2023-01-18,1750.37,Debit,West
1339,C105,2023-01-19,18.42,Debit,West
1340,C099,2023-01-20,2044.8,Credit,North
1341,C187,2023-01-21,3188.27,Debit,North
1342,C063,2023-01-22,3420.02,Credit,North
1343,C048,2023-01-23,2851.17,Debit,West
1344,C091,2023-01-24,3076.05,Debit,West
1345,C173,2023-01-25,4926.37,Credit,North
1346,C096,2023-01-26,900.2,Debit,North
1347,C137,2023-01-27,2890.5,Debit,East
1348,C138,2023-01-28,2681.46,Debit,East
1349,C176,2023-01-29,131.86,Debit,North
1350,C134,2023-01-30,1875.88,Debit,South
1351,C079,2023-01-31,2528.58,Credit,South
1352,C107,2023-02-01,57.23,Debit,North
1353,C010,2023-02-02,2073.78,Debit,West
1354,C022,2023-02-03,3090.93,Debit,East
1355,C038,2023-02-04,3148.06,Debit,West
1356,C114,2023-02-05,3083.48,Credit,East
1357,C183,2023-02-06,4374.91,Credit,East
1358,C194,2023-02-07,945.41,Debit,North
1359,C100,2023-02-08,3668.58,Debit,East
1360,C032,2023-02-09,3686.03,Credit,West
1361,C122,2023-01-01,3596.34,Credit,South
1362,C097,2023-01-02,2952.42,Debit,East
1363,C029,2023-01-03,382.77,Debit,South
1364,C085,2023-01-04,69.46,Credit,West
1365,C059,2023-01-05,,Credit,South
1366,C184,2023-01-06,3364.0,Debit,East
1367,C100,2023-01-07,814.41,Credit,South
1368,C085,2023-01-08,4666.47,Debit,North
1369,C049,2023-01-09,4902.15,Debit,South
1370,C161,2023-01-10,170.24,Debit,South
1371,C180,2023-01-11,692.41,Credit,East
1372,C019,2023-01-12,1928.74,Debit,South
1373,C124,2023-01-13,2491.21,Credit,North
1374,C119,2023-01-14,2486.83,Debit,West
1375,C074,2023-01-15,1445.55,Debit,North
1376,C093,2023-01-16,154.16,Credit,South
1377,C162,2023-01-17,3240.68,Credit,West
1378,C037,2023-01-18,,Credit,South
1379,C174,2023-01-19,,Debit,South
1380,C029,2023-01-20,2463.87,Debit,East
1381,C200,2023-01-21,556.05,Credit,East
1382,C108,2023-01-22,3155.23,Credit,East
1383,C044,2023-01-23,3524.15,Debit,West
1384,C144,2023-01-24,1785.01,Credit,West
1385,C070,2023-01-25,4254.55,Debit,West
1386,C179,2023-01-26,25.69,Credit,North
1387,C103,2023-01-27,502.36,Credit,East
1388,C093,2023-01-28,3978.1,Credit,East
1389,C118,2023-01-29,4378.43,Credit,North
1390,C053,2023-01-30,1030.68,Credit,West
1391,C171,2023-01-31,1429.03,Credit,West
1392,C021,2023-02-01,2494.89,Debit,East
1393,C053,2023-02-02,4036.01,Debit,South
1394,C033,2023-02-03,2628.49,Debit,South
1395,C142,2023-02-04,,Debit,East
1396,C102,2023-02-05,2292.13,Credit,North
1397,C195,2023-02-06,1788.29,Debit,West
1398,C117,2023-02-07,2245.41,Credit,West
1399,C123,2023-02-08,2861.88,Debit,South
1400,C151,2023-02-09,637.69,Credit,North
1401,C121,2023-01-01,3918.89,Debit,North
1402,C083,2023-01-02,3382.5,Debit,East
1403,C027,2023-01-03,1208.38,Debit,East
1404,C180,2023-01-04,4637.61,Debit,South
1405,C077,2023-01-05,2311.99,Debit,North
1406,C075,2023-01-06,3451.95,Debit,East
1407,C085,2023-01-07,4430.47,Debit,South
1408,C117,2023-01-08,4830.26,Credit,West
1409,C011,2023-01-09,39.35,Debit,North
1410,C064,2023-01-10,1727.97,Debit,North
1411,C111,2023-01-11,118.98,Debit,South
1412,C084,2023-01-12,4329.7,Debit,West
1413,C114,2023-01-13,1209.58,Credit,East
1414,C062,2023-01-14,337.04,Debit,West
1415,C118,2023-01-15,2830.12,Debit,South
1416,C005,2023-01-16,2389.93,Debit,West
1417,C188,2023-01-17,1758.87,Debit,South
1418,C066,2023-01-18,1496.3,Debit,North
1419,C133,2023-01-19,4019.52,Debit,East
1420,C045,2023-01-20,3030.37,Debit,East
1421,C175,2023-01-21,1122.56,Credit,West
1422,C003,2023-01-22,2111.51,Credit,South
1423,C169,2023-01-23,3684.22,Credit,South
1424,C082,2023-01-24,2202.07,Debit,South
1425,C090,2023-01-25,3100.15,Credit,East
1426,C148,2023-01-26,2840.86,Credit,East
1427,C127,2023-01-27,1905.86,Debit,South
1428,C100,2023-01-28,3036.76,Debit,North
1429,C162,2023-01-29,269.43,Debit,West
1430,C030,2023-01-30,3874.17,Credit,North
1431,C085,2023-01-31,2779.1,Debit,North
1432,C111,2023-02-01,1374.91,Debit,East
1433,C035,2023-02-02,1943.81,Debit,East
1434,C142,2023-02-03,3419.57,Debit,South
1435,C115,2023-02-04,4160.0,Debit,West
1436,C040,2023-02-05,347.43,Debit,West
1437,C130,2023-02-06,216.94,Debit,East
1438,C131,2023-02-07,949.35,Debit,West
1439,C173,2023-02-08,382.45,Debit,West
1440,C053,2023-02-09,4978.21,Credit,West
1441,C061,2023-01-01,3250.94,Debit,West
1442,C195,2023-01-02,1616.71,Debit,North
1443,C002,2023-01-03,358.37,Credit,North
1444,C171,2023-01-04,3137.53,Credit,West
1445,C141,2023-01-05,220.46,Debit,South
1446,C075,2023-01-06,4544.95,Debit,North
1447,C136,2023-01-07,3891.69,Debit,East
1448,C128,2023-01-08,2472.1,Debit,North
1449,C103,2023-01-09,3910.97,Credit,West
1450,C194,2023-01-10,4975.53,Credit,East
1451,C164,2023-01-11,1542.08,Debit,East
1452,C180,2023-01-12,1129.3,Credit,North
1453,C036,2023-01-13,1359.67,Debit,North
1454,C146,2023-01-14,1973.21,Credit,South
1455,C062,2023-01-15,4286.59,Credit,North
1456,C189,2023-01-16,72.38,Debit,East
1457,C066,2023-01-17,1067.25,Debit,North
1458,C130,2023-01-18,3670.86,Credit,East
1459,C045,2023-01-19,2213.35,Credit,East
1460,C190,2023-01-20,1534.37,Credit,South
1461,C048,2023-01-21,102.41,Debit,West
1462,C001,2023-01-22,3560.35,Debit,South
1463,C086,2023-01-23,1764.12,Credit,North
1464,C053,2023-01-24,4483.49,Debit,South
1465,C054,2023-01-25,571.91,Credit,East
1466,C001,2023-01-26,4120.45,Debit,East
1467,C028,2023-01-27,2736.71,Debit,East
1468,C088,2023-01-28,172.61,Credit,East
1469,C142,2023-01-29,4909.52,Credit,East
1470,C148,2023-01-30,248.76,Credit,East
1471,C181,2023-01-31,4585.32,Credit,West
1472,C190,2023-02-01,4863.29,Debit,East
1473,C064,2023-02-02,1723.5,Debit,North
1474,C036,2023-02-03,3877.27,Debit,South
1475,C142,2023-02-04,2478.45,Debit,East
1476,C062,2023-02-05,1060.27,Debit,East
1477,C181,2023-02-06,1747.58,Debit,South
1478,C027,2023-02-07,1191.12,Debit,West
1479,C155,2023-02-08,4254.64,Debit,East
1480,C151,2023-02-09,2032.43,Credit,West
1481,C051,2023-01-01,904.15,Debit,West
1482,C001,2023-01-02,4700.64,Debit,North
1483,C071,2023-01-03,1340.54,Debit,East
1484,C042,2023-01-04,3398.92,Debit,West
1485,C188,2023-01-05,4132.64,Credit,East
1486,C007,2023-01-06,4622.14,Debit,South
1487,C068,2023-01-07,4044.59,Debit,West
1488,C082,2023-01-08,3470.29,Credit,West
1489,C097,2023-01-09,479.34,Debit,East
1490,C079,2023-01-10,2568.2,Credit,East
1491,C024,2023-01-11,3534.35,Debit,West
1492,C091,2023-01-12,1308.52,Debit,South
1493,C140,2023-01-13,4143.8,Debit,West
1494,C145,2023-01-14,1837.04,Credit,East
1495,C174,2023-01-15,4691.0,Credit,South
1496,C024,2023-01-16,1885.76,Credit,West
1497,C137,2023-01-17,,Credit,East
1498,C096,2023-01-18,825.17,Debit,East
1499,C140,2023-01-19,,Credit,East
1500,C060,2023-01-20,962.95,Debit,South
1501,C042,2023-01-21,2795.38,Credit,South
1502,C138,2023-01-22,1073.65,Credit,East
1503,C112,2023-01-23,2384.7,Debit,West
1504,C197,2023-01-24,1840.05,Debit,South
1505,C055,2023-01-25,4055.92,Debit,North
1506,C107,2023-01-26,1388.64,Debit,South
1507,C192,2023-01-27,1758.48,Credit,East
1508,C184,2023-01-28,1958.08,Debit,South
1509,C006,2023-01-29,2033.09,Credit,East
1510,C124,2023-01-30,3660.2,Credit,North
1511,C104,2023-01-31,4973.96,Credit,North
1512,C082,2023-02-01,4866.4,Credit,South
1513,C033,2023-02-02,1677.04,Credit,East
1514,C156,2023-02-03,2605.07,Debit,West
1515,C088,2023-02-04,1483.97,Debit,East
1516,C129,2023-02-05,4731.92,Credit,North
1517,C112,2023-02-06,2235.87,Debit,North
1518,C200,2023-02-07,,Debit,East
1519,C037,2023-02-08,4693.11,Debit,West
1520,C100,2023-02-09,1618.2,Credit,South
1521,C077,2023-01-01,3909.89,Debit,South
1522,C003,2023-01-02,1342.99,Debit,East
1523,C127,2023-01-03,1864.06,Debit,West
1524,C106,2023-01-04,532.16,Debit,East
1525,C095,2023-01-05,3283.55,Debit,West
1526,C112,2023-01-06,,Credit,North
1527,C031,2023-01-07,105.89,Credit,East
1528,C182,2023-01-08,256.68,Debit,West
1529,C032,2023-01-09,2424.16,Debit,East
1530,C178,2023-01-10,1128.93,Debit,West
1531,C140,2023-01-11,4513.59,Debit,North
1532,C167,2023-01-12,1834.62,Credit,East
1533,C097,2023-01-13,3875.95,Debit,West
1534,C096,2023-01-14,3873.3,Debit,West
1535,C117,2023-01-15,625.28,Debit,South
1536,C143,2023-01-16,4888.86,Debit,East
1537,C091,2023-01-17,415.37,Credit,North
1538,C149,2023-01-18,4494.38,Debit,South
1539,C037,2023-01-19,63.73,Credit,East
1540,C046,2023-01-20,1543.47,Debit,North
1541,C029,2023-01-21,2566.58,Credit,West
1542,C131,2023-01-22,969.36,Debit,South
1543,C044,2023-01-23,3146.18,Credit,North
1544,C053,2023-01-24,2607.87,Credit,East
1545,C134,2023-01-25,4944.82,Debit,North
1546,C044,2023-01-26,412.41,Debit,East
1547,C128,2023-01-27,1448.96,Debit,North
1548,C151,2023-01-28,1730.41,Debit,West
1549,C096,2023-01-29,,Credit,North
1550,C089,2023-01-30,1854.31,Debit,West
1551,C004,2023-01-31,3616.7,Credit,West
1552,C066,2023-02-01,1111.64,Credit,North
1553,C046,2023-02-02,1733.7,Debit,South
1554,C036,2023-02-03,1303.91,Credit,West
1555,C148,2023-02-04,3016.69,Credit,South
1556,C169,2023-02-05,587.37,Debit,East
1557,C177,2023-02-06,2407.97,Debit,East
1558,C093,2023-02-07,1033.77,Debit,West
1559,C056,2023-02-08,3974.13,Credit,North
1560,C058,2023-02-09,1146.76,Debit,East
1561,C187,2023-01-01,3432.74,Debit,West
1562,C111,2023-01-02,3789.02,Debit,North
1563,C025,2023-01-03,2029.25,Credit,West
1564,C148,2023-01-04,1190.91,Credit,East
1565,C189,2023-01-05,4189.92,Credit,East
1566,C002,2023-01-06,295.87,Debit,South
1567,C090,2023-01-07,641.79,Debit,West
1568,C144,2023-01-08,4244.69,Debit,East
1569,C162,2023-01-09,1355.8,Debit,North
1570,C126,2023-01-10,856.03,Credit,South
1571,C060,2023-01-11,3817.17,Credit,West
1572,C128,2023-01-12,4319.52,Debit,West
1573,C069,2023-01-13,3340.98,Debit,South
1574,C167,2023-01-14,29.06,Debit,North
1575,C184,2023-01-15,1582.36,Credit,West
1576,C144,2023-01-16,852.3,Debit,West
1577,C132,2023-01-17,2337.27,Credit,East
1578,C026,2023-01-18,3336.83,Debit,South
1579,C143,2023-01-19,343.37,Debit,West
1580,C111,2023-01-20,1158.6,Credit,North
1581,C091,2023-01-21,2304.75,Debit,East
1582,C174,2023-01-22,698.75,Debit,North
1583,C172,2023-01-23,1495.1,Credit,East
1584,C142,2023-01-24,4891.14,Credit,North
1585,C158,2023-01-25,306.58,Credit,South
1586,C037,2023-01-26,2054.69,Debit,South
1587,C127,2023-01-27,,Debit,East
1588,C109,2023-01-28,3649.24,Debit,West
1589,C025,2023-01-29,1077.89,Debit,South
1590,C159,2023-01-30,308.14,Debit,South
1591,C180,2023-01-31,4897.46,Debit,East
1592,C083,2023-02-01,3766.47,Credit,East
1593,C052,2023-02-02,2474.6,Debit,North
1594,C106,2023-02-03,4452.21,Credit,West
1595,C151,2023-02-04,4892.24,Debit,East
1596,C137,2023-02-05,3984.68,Credit,North
1597,C133,2023-02-06,844.07,Debit,South
1598,C057,2023-02-07,3580.94,Debit,North
1599,C018,2023-02-08,3341.74,Credit,South
1600,C089,2023-02-09,4470.39,Debit,South
1601,C074,2023-01-01,1538.43,Debit,West
1602,C074,2023-01-02,4277.01,Credit,South
1603,C194,2023-01-03,283.81,Debit,South
1604,C164,2023-01-04,894.9,Credit,South
1605,C027,2023-01-05,589.24,Debit,West
1606,C160,2023-01-06,999.46,Debit,West
1607,C083,2023-01-07,2787.11,Debit,North
1608,C184,2023-01-08,3776.93,Credit,South
1609,C167,2023-01-09,4806.16,Credit,North
1610,C164,2023-01-10,1044.87,Debit,North
1611,C100,2023-01-11,3776.47,Debit,West
1612,C183,2023-01-12,132.48,Credit,West
1613,C051,2023-01-13,4294.62,Debit,South
1614,C079,2023-01-14,698.7,Credit,West
1615,C064,2023-01-15,1362.0,Debit,North
1616,C179,2023-01-16,2558.33,Debit,East
1617,C113,2023-01-17,25.73,Debit,North
1618,C082,2023-01-18,1182.17,Debit,West
1619,C181,2023-01-19,419.51,Debit,North
1620,C073,2023-01-20,2251.67,Debit,West
1621,C061,2023-01-21,99.72,Debit,East
1622,C152,2023-01-22,230.52,Debit,South
1623,C141,2023-01-23,3382.5,Debit,North
1624,C187,2023-01-24,3016.18,Debit,West
1625,C162,2023-01-25,1500.96,Debit,North
1626,C182,2023-01-26,,Debit,South
1627,C090,2023-01-27,2500.38,Credit,South
1628,C050,2023-01-28,2743.68,Credit,East
1629,C105,2023-01-29,3014.55,Credit,East
1630,C056,2023-01-30,2882.89,Debit,South
1631,C046,2023-01-31,2255.9,Credit,East
1632,C181,2023-02-01,2125.23,Credit,North
1633,C174,2023-02-02,2575.84,Debit,West
1634,C042,2023-02-03,2703.85,Debit,East
1635,C086,2023-02-04,3073.31,Debit,North
1636,C113,2023-02-05,562.7,Credit,West
1637,C100,2023-02-06,3997.31,Credit,North
1638,C113,2023-02-07,3085.52,Debit,East
1639,C124,2023-02-08,3354.48,Debit,East
1640,C105,2023-02-09,3764.06,Debit,North
1641,C157,2023-01-01,4147.53,Debit,East
1642,C125,2023-01-02,1140.06,Debit,West
1643,C166,2023-01-03,4941.13,Credit,East
1644,C152,2023-01-04,1847.44,Debit,East
1645,C134,2023-01-05,4830.04,Debit,South
1646,C003,2023-01-06,4745.67,Credit,South
1647,C080,2023-01-07,4178.52,Credit,North
1648,C052,2023-01-08,934.5,Credit,West
1649,C111,2023-01-09,2141.96,Debit,West
1650,C149,2023-01-10,3362.69,Credit,East
1651,C160,2023-01-11,1173.23,Credit,North
1652,C128,2023-01-12,139.49,Debit,South
1653,C001,2023-01-13,1306.07,Debit,East
1654,C072,2023-01-14,1612.26,Debit,East
1655,C128,2023-01-15,4465.2,Debit,South
1656,C186,2023-01-16,3997.71,Debit,North
1657,C130,2023-01-17,4665.91,Credit,North
1658,C108,2023-01-18,609.76,Credit,East
1659,C168,2023-01-19,4133.95,Debit,East
1660,C018,2023-01-20,3664.95,Debit,West
1661,C039,2023-01-21,3956.69,Debit,South
1662,C054,2023-01-22,3049.41,Debit,East
1663,C117,2023-01-23,212.11,Debit,East
1664,C052,2023-01-24,441.01,Debit,South
1665,C175,2023-01-25,2016.48,Debit,North
1666,C134,2023-01-26,3471.33,Debit,South
1667,C076,2023-01-27,4186.88,Credit,South
1668,C102,2023-01-28,4636.72,Credit,North
1669,C033,2023-01-29,2933.84,Debit,North
1670,C132,2023-01-30,2940.87,Debit,East
1671,C126,2023-01-31,3348.58,Credit,South
1672,C088,2023-02-01,4292.71,Credit,South
1673,C016,2023-02-02,3686.07,Credit,South
1674,C061,2023-02-03,2055.92,Debit,North
1675,C148,2023-02-04,1249.1,Credit,East
1676,C169,2023-02-05,1550.35,Debit,South
1677,C038,2023-02-06,3829.16,Credit,North
1678,C034,2023-02-07,2176.95,Debit,West
1679,C190,2023-02-08,,Debit,South
1680,C117,2023-02-09,4125.98,Debit,South
1681,C011,2023-01-01,4035.59,Credit,West
1682,C013,2023-01-02,2735.72,Credit,East
1683,C181,2023-01-03,3819.39,Credit,South
1684,C024,2023-01-04,2497.92,Debit,West
1685,C196,2023-01-05,3197.76,Debit,West
1686,C093,2023-01-06,2237.76,Credit,North
1687,C175,2023-01-07,2424.13,Debit,East
1688,C196,2023-01-08,1520.05,Debit,East
1689,C167,2023-01-09,4680.59,Debit,North
1690,C137,2023-01-10,3232.92,Credit,West
1691,C195,2023-01-11,1903.03,Credit,West
1692,C165,2023-01-12,770.93,Credit,West
1693,C142,2023-01-13,2149.46,Debit,North
1694,C125,2023-01-14,371.66,Credit,East
1695,C152,2023-01-15,74.62,Credit,North
1696,C150,2023-01-16,3273.6,Credit,South
1697,C053,2023-01-17,2009.99,Credit,East
1698,C054,2023-01-18,3783.1,Debit,West
1699,C053,2023-01-19,533.17,Debit,South
1700,C089,2023-01-20,487.3,Debit,East
1701,C076,2023-01-21,3165.21,Debit,West
1702,C176,2023-01-22,1959.07,Debit,South
1703,C139,2023-01-23,352.25,Credit,West
1704,C176,2023-01-24,1179.38,Credit,East
1705,C087,2023-01-25,440.35,Debit,East
1706,C122,2023-01-26,3485.83,Debit,North
1707,C168,2023-01-27,315.56,Debit,South
1708,C001,2023-01-28,4063.24,Debit,West
1709,C091,2023-01-29,2609.32,Debit,South
1710,C118,2023-01-30,1028.42,Credit,East
1711,C154,2023-01-31,4752.4,Debit,North
1712,C156,2023-02-01,1980.24,Debit,West
1713,C165,2023-02-02,2432.05,Debit,West
1714,C200,2023-02-03,1673.1,Debit,West
1715,C159,2023-02-04,2071.61,Credit,South
1716,C166,2023-02-05,,Debit,East
1717,C190,2023-02-06,1976.19,Debit,East
1718,C055,2023-02-07,2027.83,Credit,South
1719,C078,2023-02-08,245.94,Credit,South
1720,C074,2023-02-09,1535.73,Debit,West
1721,C089,2023-01-01,3750.89,Credit,East
1722,C021,2023-01-02,2503.69,Credit,West
1723,C030,2023-01-03,3142.38,Debit,East
1724,C158,2023-01-04,3933.26,Debit,North
1725,C050,2023-01-05,1023.5,Debit,South
1726,C170,2023-01-06,,Debit,South
1727,C062,2023-01-07,4522.71,Debit,East
1728,C087,2023-01-08,417.36,Debit,East
1729,C102,2023-01-09,4246.56,Debit,North
1730,C184,2023-01-10,,Debit,North
1731,C152,2023-01-11,2197.21,Debit,North
1732,C049,2023-01-12,4134.53,Credit,East
1733,C150,2023-01-13,4345.67,Debit,North
1734,C190,2023-01-14,2289.79,Debit,North
1735,C070,2023-01-15,4877.39,Debit,North
1736,C106,2023-01-16,4987.78,Debit,West
1737,C082,2023-01-17,3985.06,Credit,North
1738,C116,2023-01-18,1660.94,Debit,West
1739,C148,2023-01-19,1387.77,Credit,North
1740,C172,2023-01-20,856.63,Debit,North
1741,C178,2023-01-21,1421.45,Credit,South
1742,C154,2023-01-22,3454.07,Debit,South
1743,C046,2023-01-23,3080.15,Debit,North
1744,C064,2023-01-24,1609.81,Debit,South
1745,C101,2023-01-25,2304.84,Credit,West
1746,C160,2023-01-26,2027.48,Debit,South
1747,C171,2023-01-27,2498.66,Debit,West
1748,C111,2023-01-28,3529.49,Credit,South
1749,C045,2023-01-29,4345.24,Debit,South
1750,C120,2023-01-30,2613.51,Credit,East
1751,C153,2023-01-31,3812.93,Credit,North
1752,C160,2023-02-01,2869.05,Debit,West
1753,C115,2023-02-02,3908.28,Debit,East
1754,C105,2023-02-03,4499.17,Credit,South
1755,C072,2023-02-04,1683.56,Debit,South
1756,C007,2023-02-05,2055.98,Debit,West
1757,C144,2023-02-06,1705.58,Debit,East
1758,C004,2023-02-07,,Credit,West
1759,C076,2023-02-08,3689.91,Debit,North
1760,C186,2023-02-09,1970.93,Debit,East
1761,C029,2023-01-01,542.93,Debit,East
1762,C098,2023-01-02,4676.19,Debit,South
1763,C026,2023-01-03,1952.23,Credit,West
1764,C035,2023-01-04,4990.83,Debit,West
1765,C197,2023-01-05,2227.8,Credit,North
1766,C140,2023-01-06,1992.32,Debit,North
1767,C171,2023-01-07,496.09,Debit,West
1768,C058,2023-01-08,26.31,Credit,East
1769,C071,2023-01-09,1290.1,Credit,South
1770,C110,2023-01-10,4393.61,Credit,South
1771,C008,2023-01-11,614.97,Credit,North
1772,C035,2023-01-12,2113.94,Credit,West
1773,C131,2023-01-13,862.73,Debit,South
1774,C124,2023-01-14,2494.47,Credit,East
1775,C183,2023-01-15,4153.05,Debit,East
1776,C051,2023-01-16,4511.5,Credit,South
1777,C016,2023-01-17,,Debit,South
1778,C175,2023-01-18,688.79,Credit,South
1779,C140,2023-01-19,2892.79,Credit,West
1780,C034,2023-01-20,1319.64,Debit,East
1781,C068,2023-01-21,3413.71,Debit,East
1782,C152,2023-01-22,3083.73,Credit,South
1783,C052,2023-01-23,270.31,Credit,South
1784,C056,2023-01-24,4386.71,Credit,North
1785,C023,2023-01-25,1157.27,Debit,West
1786,C077,2023-01-26,2097.43,Credit,North
1787,C039,2023-01-27,536.01,Debit,North
1788,C064,2023-01-28,725.98,Debit,East
1789,C057,2023-01-29,4389.54,Debit,South
1790,C042,2023-01-30,1294.35,Credit,West
1791,C145,2023-01-31,4977.87,Debit,South
1792,C087,2023-02-01,1757.16,Debit,South
1793,C107,2023-02-02,4099.63,Debit,North
1794,C193,2023-02-03,4310.67,Debit,East
1795,C072,2023-02-04,1449.29,Credit,West
1796,C182,2023-02-05,947.96,Debit,North
1797,C032,2023-02-06,1319.78,Debit,North
1798,C176,2023-02-07,4789.6,Debit,East
1799,C193,2023-02-08,,Debit,North
1800,C075,2023-02-09,,Debit,North
1801,C196,2023-01-01,1659.66,Debit,West
1802,C146,2023-01-02,4735.23,Debit,West
1803,C196,2023-01-03,4676.09,Credit,South
1804,C188,2023-01-04,,Debit,North
1805,C193,2023-01-05,35.0,Credit,West
1806,C129,2023-01-06,3297.52,Debit,North
1807,C051,2023-01-07,4188.37,Debit,West
1808,C028,2023-01-08,1930.23,Credit,South
1809,C077,2023-01-09,4980.31,Credit,West
1810,C009,2023-01-10,183.99,Debit,East
1811,C045,2023-01-11,2366.49,Debit,East
1812,C150,2023-01-12,4924.49,Debit,West
1813,C180,2023-01-13,4999.03,Credit,South
1814,C060,2023-01-14,3660.9,Debit,North
1815,C187,2023-01-15,3228.78,Credit,North
1816,C138,2023-01-16,3912.07,Debit,South
1817,C145,2023-01-17,4702.38,Debit,North
1818,C187,2023-01-18,4015.62,Credit,West
1819,C173,2023-01-19,2023.76,Credit,South
1820,C142,2023-01-20,966.37,Debit,South
1821,C177,2023-01-21,977.81,Debit,East
1822,C116,2023-01-22,987.08,Credit,West
1823,C011,2023-01-23,3390.15,Debit,West
1824,C129,2023-01-24,1131.69,Debit,East
1825,C097,2023-01-25,1513.45,Credit,East
1826,C010,2023-01-26,3404.68,Debit,South
1827,C162,2023-01-27,1772.43,Credit,East
1828,C126,2023-01-28,3676.8,Debit,South
1829,C080,2023-01-29,1517.31,Debit,South
1830,C190,2023-01-30,4800.41,Debit,West
1831,C009,2023-01-31,4153.56,Debit,West
1832,C106,2023-02-01,4470.36,Debit,North
1833,C145,2023-02-02,148.54,Debit,North
1834,C179,2023-02-03,2164.01,Credit,East
1835,C001,2023-02-04,2472.62,Debit,South
1836,C128,2023-02-05,4624.11,Credit,North
1837,C011,2023-02-06,2470.78,Credit,South
1838,C098,2023-02-07,2364.77,Credit,North
1839,C086,2023-02-08,3304.23,Debit,West
1840,C077,2023-02-09,4726.88,Credit,South
1841,C081,2023-01-01,3694.68,Debit,West
1842,C063,2023-01-02,92.02,Debit,South
1843,C180,2023-01-03,3146.16,Credit,North
1844,C140,2023-01-04,1375.66,Debit,West
1845,C142,2023-01-05,4125.57,Debit,East
1846,C051,2023-01-06,4085.07,Debit,East
1847,C106,2023-01-07,962.43,Debit,North
1848,C153,2023-01-08,,Credit,North
1849,C039,2023-01-09,4013.64,Debit,South
1850,C145,2023-01-10,3910.47,Credit,East
1851,C176,2023-01-11,,Debit,South
1852,C078,2023-01-12,3537.46,Debit,South
1853,C188,2023-01-13,4586.15,Credit,West
1854,C088,2023-01-14,1329.14,Credit,West
1855,C001,2023-01-15,677.71,Debit,East
1856,C067,2023-01-16,394.19,Debit,South
1857,C142,2023-01-17,4218.01,Debit,East
1858,C062,2023-01-18,3590.43,Credit,West
1859,C084,2023-01-19,1540.44,Credit,East
1860,C049,2023-01-20,2269.75,Debit,East
1861,C078,2023-01-21,1203.73,Credit,North
1862,C030,2023-01-22,2885.97,Debit,East
1863,C073,2023-01-23,778.03,Debit,South
1864,C070,2023-01-24,,Credit,West
1865,C014,2023-01-25,357.17,Debit,South
1866,C157,2023-01-26,3514.3,Debit,North
1867,C084,2023-01-27,2294.79,Debit,West
1868,C045,2023-01-28,2234.62,Debit,West
1869,C110,2023-01-29,2986.2,Credit,West
1870,C075,2023-01-30,4569.8,Credit,West
1871,C043,2023-01-31,,Credit,West
1872,C046,2023-02-01,1920.65,Credit,East
1873,C070,2023-02-02,4400.41,Debit,South
1874,C154,2023-02-03,489.96,Credit,West
1875,C006,2023-02-04,3012.02,Debit,North
1876,C021,2023-02-05,3744.87,Debit,North
1877,C022,2023-02-06,4893.27,Credit,West
1878,C086,2023-02-07,3045.57,Debit,West
1879,C033,2023-02-08,902.79,Debit,North
1880,C132,2023-02-09,1054.02,Debit,South
1881,C112,2023-01-01,778.95,Debit,South
1882,C186,2023-01-02,4822.97,Debit,North
1883,C085,2023-01-03,,Credit,East
1884,C111,2023-01-04,3476.95,Credit,South
1885,C117,2023-01-05,,Debit,North
1886,C044,2023-01-06,3530.73,Credit,West
1887,C019,2023-01-07,1702.63,Debit,South
1888,C040,2023-01-08,2061.05,Debit,West
1889,C042,2023-01-09,,Credit,West
1890,C063,2023-01-10,882.49,Debit,East
1891,C033,2023-01-11,168.17,Debit,North
1892,C144,2023-01-12,4061.08,Credit,North
1893,C124,2023-01-13,3239.36,Credit,East
1894,C067,2023-01-14,317.64,Debit,West
1895,C175,2023-01-15,4896.88,Debit,South
1896,C114,2023-01-16,518.42,Debit,West
1897,C092,2023-01-17,269.24,Credit,West
1898,C118,2023-01-18,157.88,Debit,East
1899,C132,2023-01-19,689.72,Debit,South
1900,C189,2023-01-20,4517.31,Debit,East
1901,C106,2023-01-21,116.23,Debit,North
1902,C067,2023-01-22,2362.86,Debit,East
1903,C047,2023-01-23,,Debit,East
1904,C137,2023-01-24,,Credit,South
1905,C129,2023-01-25,,Credit,North
1906,C198,2023-01-26,4702.39,Debit,North
1907,C151,2023-01-27,4761.28,Credit,East
1908,C177,2023-01-28,4916.57,Debit,South
1909,C004,2023-01-29,,Debit,North
1910,C110,2023-01-30,3656.25,Debit,East
1911,C052,2023-01-31,3088.0,Debit,North
1912,C074,2023-02-01,376.01,Debit,South
1913,C031,2023-02-02,4568.28,Credit,South
1914,C179,2023-02-03,2745.86,Debit,North
1915,C117,2023-02-04,1763.84,Debit,South
1916,C157,2023-02-05,1410.11,Debit,East
1917,C076,2023-02-06,4844.93,Debit,North
1918,C072,2023-02-07,,Credit,West
1919,C015,2023-02-08,261.85,Debit,North
1920,C123,2023-02-09,3373.49,Credit,South
1921,C025,2023-01-01,2245.7,Debit,South
1922,C076,2023-01-02,1516.72,Credit,East
1923,C028,2023-01-03,1399.23,Credit,South
1924,C028,2023-01-04,3051.36,Credit,East
1925,C046,2023-01-05,,Debit,East
1926,C137,2023-01-06,2693.01,Debit,South
1927,C035,2023-01-07,2447.93,Debit,East
1928,C183,2023-01-08,1189.11,Debit,South
1929,C153,2023-01-09,731.18,Debit,East
1930,C047,2023-01-10,2618.54,Debit,West
1931,C190,2023-01-11,2548.19,Credit,South
1932,C001,2023-01-12,,Debit,North
1933,C177,2023-01-13,939.23,Credit,North
1934,C014,2023-01-14,2659.15,Debit,North
1935,C033,2023-01-15,3441.4,Credit,West
1936,C033,2023-01-16,3145.66,Credit,East
1937,C152,2023-01-17,1329.03,Debit,West
1938,C140,2023-01-18,379.48,Debit,North
1939,C154,2023-01-19,4682.19,Credit,South
1940,C155,2023-01-20,2802.68,Credit,North
1941,C165,2023-01-21,842.15,Credit,North
1942,C008,2023-01-22,4717.63,Credit,South
1943,C155,2023-01-23,1226.58,Credit,East
1944,C096,2023-01-24,3860.01,Debit,South
1945,C134,2023-01-25,4221.17,Debit,South
1946,C033,2023-01-26,3010.39,Debit,South
1947,C120,2023-01-27,481.95,Credit,West
1948,C114,2023-01-28,2399.62,Credit,South
1949,C123,2023-01-29,1214.83,Debit,North
1950,C076,2023-01-30,1805.92,Debit,North
1951,C129,2023-01-31,105.7,Credit,North
1952,C085,2023-02-01,4477.73,Credit,North
1953,C134,2023-02-02,4480.37,Debit,East
1954,C200,2023-02-03,419.11,Debit,West
1955,C166,2023-02-04,1416.37,Debit,South
1956,C192,2023-02-05,2066.89,Credit,East
1957,C162,2023-02-06,,Debit,West
1958,C006,2023-02-07,1113.61,Credit,West
1959,C155,2023-02-08,2779.32,Credit,South
1960,C185,2023-02-09,1739.85,Debit,North
1961,C154,2023-01-01,2467.62,Debit,West
1962,C109,2023-01-02,4136.99,Credit,South
1963,C047,2023-01-03,4822.24,Debit,East
1964,C055,2023-01-04,2418.34,Credit,East
1965,C022,2023-01-05,676.48,Debit,North
1966,C144,2023-01-06,3492.71,Debit,East
1967,C100,2023-01-07,2562.33,Debit,West
1968,C026,2023-01-08,3699.79,Credit,South
1969,C074,2023-01-09,1252.52,Debit,North
1970,C085,2023-01-10,187.82,Debit,North
1971,C078,2023-01-11,2078.4,Credit,East
1972,C143,2023-01-12,1696.72,Credit,South
1973,C025,2023-01-13,4615.51,Credit,North
1974,C179,2023-01-14,2370.22,Credit,South
1975,C080,2023-01-15,4668.39,Debit,West
1976,C002,2023-01-16,359.03,Debit,North
1977,C190,2023-01-17,2235.96,Debit,West
1978,C061,2023-01-18,4598.96,Debit,North
1979,C181,2023-01-19,1667.11,Debit,South
1980,C184,2023-01-20,4253.48,Debit,South
1981,C020,2023-01-21,2706.8,Debit,East
1982,C125,2023-01-22,,Debit,East
1983,C023,2023-01-23,2350.02,Debit,West
1984,C191,2023-01-24,1183.1,Credit,South
1985,C109,2023-01-25,2510.04,Debit,North
1986,C039,2023-01-26,3141.66,Debit,West
1987,C141,2023-01-27,240.12,Debit,East
1988,C073,2023-01-28,4941.0,Debit,West
1989,C003,2023-01-29,2994.29,Debit,South
1990,C112,2023-01-30,670.66,Credit,North
1991,C065,2023-01-31,,Debit,North
1992,C090,2023-02-01,4620.68,Credit,East
1993,C155,2023-02-02,3230.16,Debit,North
1994,C001,2023-02-03,2995.86,Debit,South
1995,C003,2023-02-04,2121.2,Credit,North
1996,C125,2023-02-05,2067.55,Credit,West
1997,C130,2023-02-06,2535.36,Credit,West
1998,C061,2023-02-07,4189.06,Credit,South
1999,C114,2023-02-08,2203.15,Debit,North
2000,C121,2023-02-09,3651.76,Debit,East
2001,C179,2023-01-01,3870.38,Debit,South
2002,C020,2023-01-02,335.27,Debit,North
2003,C159,2023-01-03,103.55,Debit,South
2004,C166,2023-01-04,4058.95,Debit,East
2005,C090,2023-01-05,1119.79,Debit,South
2006,C158,2023-01-06,2921.51,Debit,West
2007,C157,2023-01-07,,Credit,East
2008,C086,2023-01-08,872.77,Credit,West
2009,C180,2023-01-09,1117.96,Credit,South
2010,C071,2023-01-10,,Credit,East
2011,C040,2023-01-11,541.7,Debit,South
2012,C120,2023-01-12,574.52,Debit,North
2013,C118,2023-01-13,1661.44,Debit,West
2014,C003,2023-01-14,4764.33,Debit,West
2015,C038,2023-01-15,3241.2,Debit,West
2016,C054,2023-01-16,2491.55,Debit,South
2017,C112,2023-01-17,1766.49,Debit,South
2018,C124,2023-01-18,3474.01,Debit,East
2019,C158,2023-01-19,3816.49,Debit,West
2020,C159,2023-01-20,4979.23,Debit,East
2021,C152,2023-01-21,1488.18,Credit,West
2022,C107,2023-01-22,4989.4,Debit,North
2023,C018,2023-01-23,349.76,Debit,East
2024,C110,2023-01-24,4194.85,Debit,South
2025,C112,2023-01-25,213.89,Credit,South
2026,C174,2023-01-26,4313.59,Debit,North
2027,C139,2023-01-27,899.89,Debit,North
2028,C169,2023-01-28,3588.03,Debit,East
2029,C021,2023-01-29,676.43,Debit,South
2030,C012,2023-01-30,4217.79,Credit,West
2031,C146,2023-01-31,4385.2,Credit,West
2032,C071,2023-02-01,2448.61,Credit,East
2033,C178,2023-02-02,1627.49,Credit,South
2034,C139,2023-02-03,2447.81,Debit,West
2035,C188,2023-02-04,2782.9,Credit,North
2036,C061,2023-02-05,4948.55,Credit,East
2037,C120,2023-02-06,4108.79,Debit,South
2038,C017,2023-02-07,4275.64,Debit,West
2039,C153,2023-02-08,2442.52,Credit,East
2040,C180,2023-02-09,1368.47,Debit,East
2041,C042,2023-01-01,4766.87,Credit,West
2042,C028,2023-01-02,198.01,Debit,West
2043,C045,2023-01-03,3500.29,Credit,East
2044,C123,2023-01-04,1774.33,Debit,East
2045,C033,2023-01-05,1317.76,Credit,South
2046,C130,2023-01-06,3756.23,Debit,West
2047,C097,2023-01-07,4418.11,Debit,North
2048,C008,2023-01-08,3402.11,Credit,North
2049,C119,2023-01-09,4575.0,Debit,West
2050,C049,2023-01-10,4653.55,Credit,West
2051,C188,2023-01-11,2287.24,Debit,South
2052,C036,2023-01-12,1286.61,Credit,East
2053,C064,2023-01-13,3352.24,Credit,South
2054,C070,2023-01-14,1592.14,Debit,West
2055,C052,2023-01-15,680.45,Debit,West
2056,C120,2023-01-16,2416.58,Credit,West
2057,C010,2023-01-17,1076.61,Credit,South
2058,C158,2023-01-18,3906.8,Credit,West
2059,C161,2023-01-19,230.6,Credit,South
2060,C118,2023-01-20,4152.36,Debit,North
2061,C067,2023-01-21,,Credit,South
2062,C088,2023-01-22,2400.8,Debit,South
2063,C078,2023-01-23,4817.62,Credit,North
2064,C050,2023-01-24,4578.31,Debit,East
2065,C070,2023-01-25,1771.0,Credit,North
2066,C021,2023-01-26,1848.84,Debit,North
2067,C074,2023-01-27,1558.92,Debit,South
2068,C033,2023-01-28,3008.49,Debit,East
2069,C146,2023-01-29,1946.92,Credit,East
2070,C041,2023-01-30,2590.64,Debit,East
2071,C071,2023-01-31,3224.22,Debit,North
2072,C097,2023-02-01,4338.06,Credit,North
2073,C061,2023-02-02,530.91,Debit,West
2074,C178,2023-02-03,801.65,Credit,West
2075,C154,2023-02-04,861.93,Credit,West
2076,C137,2023-02-05,3032.74,Credit,East
2077,C089,2023-02-06,2012.97,Credit,West
2078,C013,2023-02-07,4713.47,Credit,South
2079,C017,2023-02-08,3582.81,Debit,North
2080,C164,2023-02-09,1739.55,Debit,South
2081,C104,2023-01-01,1315.09,Credit,West
2082,C195,2023-01-02,135.18,Debit,West
2083,C194,2023-01-03,2888.72,Credit,South
2084,C123,2023-01-04,,Debit,East
2085,C116,2023-01-05,4569.51,Debit,West
2086,C147,2023-01-06,340.41,Debit,West
2087,C003,2023-01-07,4492.35,Debit,East
2088,C129,2023-01-08,3152.03,Credit,West
2089,C138,2023-01-09,1830.54,Debit,North
2090,C012,2023-01-10,1823.81,Credit,South
2091,C104,2023-01-11,2488.86,Debit,West
2092,C095,2023-01-12,4429.42,Debit,West
2093,C174,2023-01-13,1648.39,Credit,West
2094,C112,2023-01-14,530.28,Debit,West
2095,C123,2023-01-15,3318.86,Credit,East
2096,C032,2023-01-16,3095.31,Credit,North
2097,C078,2023-01-17,3005.78,Debit,West
2098,C013,2023-01-18,1215.8,Debit,East
2099,C056,2023-01-19,1990.79,Credit,South
2100,C115,2023-01-20,1896.61,Debit,South
2101,C160,2023-01-21,3580.24,Debit,South
2102,C105,2023-01-22,651.17,Debit,South
2103,C110,2023-01-23,1755.21,Debit,East
2104,C126,2023-01-24,681.29,Debit,South
2105,C107,2023-01-25,2442.99,Credit,North
2106,C072,2023-01-26,208.43,Debit,West
2107,C033,2023-01-27,2193.1,Credit,East
2108,C141,2023-01-28,4223.92,Credit,West
2109,C130,2023-01-29,217.27,Credit,North
2110,C138,2023-01-30,,Credit,East
2111,C197,2023-01-31,23.76,Debit,West
2112,C024,2023-02-01,4338.61,Debit,East
2113,C049,2023-02-02,3385.08,Debit,East
2114,C142,2023-02-03,2552.01,Credit,North
2115,C111,2023-02-04,745.35,Credit,North
2116,C186,2023-02-05,311.89,Credit,West
2117,C169,2023-02-06,4054.03,Debit,North
2118,C087,2023-02-07,1599.11,Debit,South
2119,C031,2023-02-08,255.99,Credit,West
2120,C108,2023-02-09,4060.56,Debit,South
2121,C105,2023-01-01,3206.56,Credit,West
2122,C053,2023-01-02,4848.07,Credit,South
2123,C138,2023-01-03,3693.7,Credit,South
2124,C101,2023-01-04,4587.8,Debit,North
2125,C154,2023-01-05,64.69,Debit,South
2126,C008,2023-01-06,501.68,Credit,South
2127,C022,2023-01-07,,Debit,North
2128,C044,2023-01-08,2643.07,Credit,East
2129,C111,2023-01-09,4916.71,Debit,South
2130,C091,2023-01-10,3909.02,Debit,West
2131,C128,2023-01-11,2427.32,Credit,North
2132,C085,2023-01-12,4663.76,Credit,East
2133,C075,2023-01-13,4491.5,Debit,East
2134,C090,2023-01-14,3880.05,Debit,West
2135,C067,2023-01-15,1823.29,Debit,South
2136,C112,2023-01-16,4585.37,Credit,South
2137,C122,2023-01-17,2361.05,Debit,East
2138,C036,2023-01-18,4676.48,Credit,East
2139,C168,2023-01-19,3140.9,Debit,North
2140,C166,2023-01-20,4625.29,Debit,West
2141,C023,2023-01-21,4982.68,Debit,East
2142,C174,2023-01-22,4317.65,Debit,North
2143,C190,2023-01-23,,Debit,North
2144,C078,2023-01-24,644.39,Debit,East
2145,C061,2023-01-25,2824.32,Credit,West
2146,C092,2023-01-26,3297.12,Debit,South
2147,C027,2023-01-27,3805.68,Debit,West
2148,C102,2023-01-28,878.37,Debit,West
2149,C021,2023-01-29,490.28,Credit,North
2150,C022,2023-01-30,1393.19,Debit,West
2151,C198,2023-01-31,3907.9,Credit,North
2152,C048,2023-02-01,1855.02,Credit,South
2153,C143,2023-02-02,1551.61,Debit,East
2154,C010,2023-02-03,3802.29,Credit,North
2155,C002,2023-02-04,2590.28,Debit,East
2156,C042,2023-02-05,4773.08,Credit,South
2157,C014,2023-02-06,874.48,Debit,East
2158,C102,2023-02-07,4538.12,Debit,East
2159,C119,2023-02-08,3512.24,Credit,West
2160,C045,2023-02-09,,Credit,West
2161,C176,2023-01-01,2707.53,Credit,North
2162,C164,2023-01-02,2524.21,Credit,South
2163,C123,2023-01-03,1251.03,Debit,East
2164,C046,2023-01-04,3562.3,Debit,East
2165,C013,2023-01-05,2734.97,Credit,West
2166,C106,2023-01-06,1792.99,Debit,East
2167,C149,2023-01-07,4680.76,Debit,North
2168,C053,2023-01-08,2872.15,Debit,West
2169,C198,2023-01-09,2114.66,Debit,East
2170,C143,2023-01-10,20.35,Debit,East
2171,C077,2023-01-11,56.3,Debit,North
2172,C172,2023-01-12,81.59,Debit,South
2173,C145,2023-01-13,1473.3,Credit,North
2174,C191,2023-01-14,3487.11,Credit,West
2175,C194,2023-01-15,3244.16,Credit,East
2176,C082,2023-01-16,4158.03,Credit,East
2177,C055,2023-01-17,4701.82,Credit,East
2178,C016,2023-01-18,1892.19,Credit,South
2179,C129,2023-01-19,3802.11,Credit,North
2180,C072,2023-01-20,4406.49,Debit,South
2181,C179,2023-01-21,1102.14,Debit,East
2182,C063,2023-01-22,4957.45,Debit,West
2183,C122,2023-01-23,,Credit,West
2184,C158,2023-01-24,2169.83,Debit,North
2185,C086,2023-01-25,4211.34,Debit,South
2186,C122,2023-01-26,2389.23,Debit,North
2187,C124,2023-01-27,2419.57,Credit,East
2188,C018,2023-01-28,1114.69,Credit,South
2189,C009,2023-01-29,2293.21,Debit,East
2190,C130,2023-01-30,3343.32,Credit,East
2191,C072,2023-01-31,2323.41,Debit,North
2192,C146,2023-02-01,943.94,Debit,West
2193,C120,2023-02-02,958.9,Credit,East
2194,C055,2023-02-03,4803.16,Credit,North
2195,C093,2023-02-04,664.59,Debit,South
2196,C120,2023-02-05,3101.58,Debit,West
2197,C133,2023-02-06,4416.57,Debit,South
2198,C003,2023-02-07,4280.6,Debit,East
2199,C007,2023-02-08,1711.98,Debit,North
2200,C063,2023-02-09,497.89,Debit,East
2201,C187,2023-01-01,940.37,Credit,East
2202,C083,2023-01-02,3888.16,Debit,West
2203,C151,2023-01-03,1413.9,Debit,North
2204,C131,2023-01-04,121.62,Debit,West
2205,C164,2023-01-05,2553.62,Debit,South
2206,C024,2023-01-06,1174.07,Credit,East
2207,C040,2023-01-07,1613.17,Credit,East
2208,C037,2023-01-08,1615.62,Debit,East
2209,C029,2023-01-09,2137.19,Credit,East
2210,C197,2023-01-10,4783.82,Debit,East
2211,C189,2023-01-11,4488.52,Debit,North
2212,C106,2023-01-12,2640.89,Debit,South
2213,C193,2023-01-13,2634.27,Credit,South
2214,C132,2023-01-14,1758.08,Credit,North
2215,C146,2023-01-15,2432.47,Credit,South
2216,C016,2023-01-16,4178.03,Debit,West
2217,C100,2023-01-17,2620.58,Debit,North
2218,C076,2023-01-18,2203.28,Credit,West
2219,C081,2023-01-19,3757.13,Debit,North
2220,C023,2023-01-20,2720.88,Debit,West
2221,C129,2023-01-21,4709.16,Debit,West
2222,C122,2023-01-22,2112.78,Credit,East
2223,C042,2023-01-23,4015.78,Credit,East
2224,C008,2023-01-24,445.16,Debit,North
2225,C139,2023-01-25,3057.57,Debit,West
2226,C067,2023-01-26,478.79,Credit,North
2227,C071,2023-01-27,2527.34,Credit,North
2228,C192,2023-01-28,3215.0,Debit,East
2229,C197,2023-01-29,3595.47,Debit,West
2230,C066,2023-01-30,435.28,Debit,East
2231,C070,2023-01-31,790.78,Debit,South
2232,C095,2023-02-01,2924.2,Credit,West
2233,C012,2023-02-02,413.45,Credit,East
2234,C129,2023-02-03,3874.73,Credit,West
2235,C196,2023-02-04,1044.37,Debit,North
2236,C065,2023-02-05,682.43,Debit,East
2237,C122,2023-02-06,,Debit,East
2238,C169,2023-02-07,3740.18,Debit,South
2239,C013,2023-02-08,4230.36,Credit,South
2240,C062,2023-02-09,3196.36,Debit,South
2241,C038,2023-01-01,4536.24,Credit,East
2242,C121,2023-01-02,2431.9,Debit,West
2243,C199,2023-01-03,2593.72,Debit,South
2244,C044,2023-01-04,1849.09,Debit,East
2245,C101,2023-01-05,1707.66,Debit,West
2246,C089,2023-01-06,4166.8,Debit,South
2247,C154,2023-01-07,4228.18,Credit,North
2248,C043,2023-01-08,2315.13,Credit,North
2249,C118,2023-01-09,726.27,Debit,South
2250,C014,2023-01-10,1056.93,Debit,East
2251,C018,2023-01-11,761.58,Debit,East
2252,C153,2023-01-12,3692.02,Debit,East
2253,C104,2023-01-13,3976.0,Credit,North
2254,C167,2023-01-14,1405.77,Debit,West
2255,C040,2023-01-15,4516.79,Debit,North
2256,C184,2023-01-16,790.1,Credit,West
2257,C102,2023-01-17,4322.89,Debit,South
2258,C031,2023-01-18,2364.73,Debit,South
2259,C021,2023-01-19,966.72,Debit,East
2260,C159,2023-01-20,1565.54,Debit,South
2261,C016,2023-01-21,3005.76,Credit,West
2262,C147,2023-01-22,3925.63,Credit,South
2263,C152,2023-01-23,4188.41,Debit,North
2264,C123,2023-01-24,2062.65,Credit,North
2265,C032,2023-01-25,549.37,Credit,North
2266,C080,2023-01-26,1432.12,Debit,South
2267,C079,2023-01-27,1077.36,Debit,East
2268,C028,2023-01-28,783.47,Debit,North
2269,C025,2023-01-29,4152.85,Credit,North
2270,C018,2023-01-30,2132.23,Debit,South
2271,C172,2023-01-31,,Debit,East
2272,C093,2023-02-01,670.55,Credit,East
2273,C175,2023-02-02,949.29,Debit,West
2274,C073,2023-02-03,418.21,Credit,South
2275,C090,2023-02-04,926.38,Credit,East
2276,C132,2023-02-05,1698.6,Credit,South
2277,C064,2023-02-06,1681.06,Debit,East
2278,C145,2023-02-07,4272.1,Debit,North
2279,C175,2023-02-08,1493.33,Debit,West
2280,C100,2023-02-09,1639.33,Credit,North
2281,C080,2023-01-01,4038.22,Debit,South
2282,C197,2023-01-02,2570.77,Debit,South
2283,C192,2023-01-03,584.77,Debit,West
2284,C124,2023-01-04,1349.29,Debit,East
2285,C049,2023-01-05,186.9,Debit,East
2286,C070,2023-01-06,4180.31,Debit,North
2287,C177,2023-01-07,198.17,Debit,North
2288,C194,2023-01-08,,Credit,West
2289,C094,2023-01-09,3275.09,Credit,East
2290,C077,2023-01-10,3212.31,Credit,South
2291,C070,2023-01-11,662.56,Credit,East
2292,C188,2023-01-12,2780.64,Credit,North
2293,C164,2023-01-13,1752.82,Debit,North
2294,C030,2023-01-14,4058.44,Debit,North
2295,C166,2023-01-15,561.2,Debit,South
2296,C039,2023-01-16,1690.0,Debit,North
2297,C158,2023-01-17,2067.73,Credit,West
2298,C096,2023-01-18,3991.7,Credit,East
2299,C087,2023-01-19,2362.23,Credit,East
2300,C167,2023-01-20,2770.54,Debit,East
2301,C078,2023-01-21,2119.49,Credit,South
2302,C166,2023-01-22,4427.33,Debit,South
2303,C037,2023-01-23,4487.53,Credit,West
2304,C059,2023-01-24,4573.96,Credit,West
2305,C122,2023-01-25,2376.59,Credit,West
2306,C023,2023-01-26,3053.57,Debit,North
2307,C065,2023-01-27,1786.42,Debit,East
2308,C176,2023-01-28,4040.45,Debit,North
2309,C092,2023-01-29,2210.94,Credit,East
2310,C147,2023-01-30,,Debit,West
2311,C003,2023-01-31,3896.64,Credit,West
2312,C031,2023-02-01,4120.51,Credit,West
2313,C082,2023-02-02,4867.62,Debit,North
2314,C089,2023-02-03,96.22,Credit,West
2315,C026,2023-02-04,89.76,Debit,North
2316,C086,2023-02-05,3240.54,Credit,East
2317,C175,2023-02-06,1462.9,Debit,West
2318,C020,2023-02-07,2943.15,Credit,East
2319,C131,2023-02-08,4846.38,Debit,West
2320,C032,2023-02-09,3906.78,Debit,West
2321,C127,2023-01-01,4131.46,Debit,North
2322,C116,2023-01-02,1732.35,Credit,East
2323,C045,2023-01-03,2078.15,Debit,North
2324,C176,2023-01-04,134.65,Credit,East
2325,C075,2023-01-05,2245.48,Credit,North
2326,C188,2023-01-06,3417.36,Debit,East
2327,C138,2023-01-07,118.41,Credit,North
2328,C071,2023-01-08,3301.67,Debit,North
2329,C022,2023-01-09,4288.55,Debit,North
2330,C063,2023-01-10,4648.18,Debit,South
2331,C097,2023-01-11,1705.51,Debit,West
2332,C090,2023-01-12,,Credit,North
2333,C003,2023-01-13,913.65,Debit,South
2334,C125,2023-01-14,796.54,Credit,North
2335,C059,2023-01-15,1798.48,Debit,East
2336,C078,2023-01-16,2030.05,Debit,North
2337,C040,2023-01-17,4924.17,Credit,South
2338,C157,2023-01-18,,Debit,South
2339,C199,2023-01-19,3382.7,Credit,South
2340,C191,2023-01-20,1126.72,Credit,South
2341,C087,2023-01-21,4425.19,Debit,West
2342,C011,2023-01-22,2818.63,Credit,East
2343,C116,2023-01-23,1306.58,Debit,East
2344,C165,2023-01-24,2304.31,Credit,West
2345,C069,2023-01-25,2676.79,Debit,East
2346,C197,2023-01-26,4530.22,Debit,South
2347,C021,2023-01-27,4285.78,Credit,West
2348,C182,2023-01-28,,Debit,North
2349,C046,2023-01-29,4042.86,Debit,West
2350,C101,2023-01-30,1448.77,Credit,West
2351,C072,2023-01-31,4253.35,Debit,West
2352,C056,2023-02-01,2566.44,Debit,East
2353,C050,2023-02-02,658.72,Credit,North
2354,C158,2023-02-03,2549.85,Debit,East
2355,C179,2023-02-04,769.79,Debit,North
2356,C140,2023-02-05,4826.94,Debit,North
2357,C119,2023-02-06,4434.1,Debit,West
2358,C146,2023-02-07,3953.03,Credit,North
2359,C178,2023-02-08,4265.43,Credit,East
2360,C131,2023-02-09,2656.94,Debit,North
2361,C002,2023-01-01,2204.62,Credit,East
2362,C008,2023-01-02,2887.78,Credit,South
2363,C117,2023-01-03,217.4,Debit,South
2364,C162,2023-01-04,4310.99,Credit,West
2365,C025,2023-01-05,1009.8,Debit,West
2366,C145,2023-01-06,191.67,Debit,West
2367,C044,2023-01-07,518.13,Debit,North
2368,C178,2023-01-08,4910.5,Credit,East
2369,C074,2023-01-09,,Debit,North
2370,C153,2023-01-10,3650.75,Credit,North
2371,C190,2023-01-11,2645.97,Credit,East
2372,C048,2023-01-12,182.46,Credit,East
2373,C111,2023-01-13,1317.29,Debit,North
2374,C165,2023-01-14,76.66,Debit,North
2375,C103,2023-01-15,4063.67,Debit,East
2376,C006,2023-01-16,579.27,Debit,West
2377,C075,2023-01-17,4337.62,Credit,South
2378,C185,2023-01-18,1434.68,Credit,East
2379,C118,2023-01-19,1062.32,Debit,East
2380,C041,2023-01-20,4145.97,Credit,North
2381,C037,2023-01-21,4774.83,Credit,East
2382,C052,2023-01-22,2674.76,Credit,North
2383,C025,2023-01-23,3370.22,Debit,South
2384,C009,2023-01-24,1048.46,Debit,North
2385,C103,2023-01-25,2391.17,Credit,East
2386,C033,2023-01-26,,Debit,East
2387,C143,2023-01-27,4925.99,Debit,West
2388,C121,2023-01-28,2280.31,Credit,West
2389,C101,2023-01-29,1292.01,Credit,South
2390,C074,2023-01-30,17.88,Credit,East
2391,C062,2023-01-31,1941.15,Debit,South
2392,C096,2023-02-01,2751.44,Debit,South
2393,C067,2023-02-02,227.72,Credit,East
2394,C109,2023-02-03,4997.11,Debit,South
2395,C001,2023-02-04,4816.26,Credit,North
2396,C160,2023-02-05,1426.26,Debit,North
2397,C071,2023-02-06,4317.62,Debit,North
2398,C019,2023-02-07,2424.22,Credit,South
2399,C083,2023-02-08,1123.99,Debit,East
2400,C185,2023-02-09,2406.98,Debit,West
2401,C077,2023-01-01,4120.21,Debit,South
2402,C010,2023-01-02,3582.23,Debit,North
2403,C091,2023-01-03,1017.73,Debit,West
2404,C149,2023-01-04,3038.17,Debit,East
2405,C143,2023-01-05,1723.69,Credit,North
2406,C157,2023-01-06,3122.19,Debit,West
2407,C106,2023-01-07,1056.94,Debit,East
2408,C172,2023-01-08,507.18,Debit,East
2409,C089,2023-01-09,586.37,Credit,South
2410,C058,2023-01-10,1821.45,Credit,West
2411,C010,2023-01-11,87.42,Credit,West
2412,C107,2023-01-12,137.93,Credit,South
2413,C149,2023-01-13,407.03,Credit,South
2414,C106,2023-01-14,544.67,Debit,West
2415,C030,2023-01-15,4431.49,Credit,West
2416,C045,2023-01-16,1778.48,Debit,East
2417,C145,2023-01-17,4509.88,Debit,South
2418,C102,2023-01-18,549.5,Debit,West
2419,C156,2023-01-19,4985.37,Debit,East
2420,C027,2023-01-20,2420.27,Debit,East
2421,C178,2023-01-21,3133.28,Credit,West
2422,C190,2023-01-22,340.54,Debit,South
2423,C137,2023-01-23,4099.41,Debit,South
2424,C092,2023-01-24,793.31,Credit,South
2425,C134,2023-01-25,4064.62,Credit,East
2426,C056,2023-01-26,2348.15,Credit,West
2427,C085,2023-01-27,125.84,Credit,East
2428,C173,2023-01-28,2119.89,Debit,West
2429,C021,2023-01-29,4592.98,Debit,South
2430,C156,2023-01-30,751.63,Credit,North
2431,C114,2023-01-31,400.94,Debit,South
2432,C013,2023-02-01,2572.26,Debit,West
2433,C013,2023-02-02,1094.93,Debit,South
2434,C156,2023-02-03,2007.16,Credit,South
2435,C198,2023-02-04,1596.28,Credit,South
2436,C115,2023-02-05,3261.45,Debit,East
2437,C185,2023-02-06,2567.64,Debit,North
2438,C036,2023-02-07,,Debit,West
2439,C098,2023-02-08,2092.06,Debit,North
2440,C056,2023-02-09,4478.0,Credit,South
2441,C167,2023-01-01,,Credit,North
2442,C031,2023-01-02,3702.47,Debit,South
2443,C139,2023-01-03,4749.7,Debit,East
2444,C108,2023-01-04,1746.14,Credit,West
2445,C193,2023-01-05,4268.61,Debit,South
2446,C009,2023-01-06,3930.07,Debit,East
2447,C195,2023-01-07,4401.24,Credit,West
2448,C023,2023-01-08,2760.35,Credit,West
2449,C197,2023-01-09,1309.67,Debit,South
2450,C198,2023-01-10,618.63,Debit,South
2451,C110,2023-01-11,2310.54,Credit,North
2452,C025,2023-01-12,2079.22,Debit,South
2453,C022,2023-01-13,2932.13,Credit,South
2454,C103,2023-01-14,4363.52,Debit,North
2455,C165,2023-01-15,1890.82,Debit,West
2456,C015,2023-01-16,3105.22,Debit,West
2457,C191,2023-01-17,4478.18,Debit,North
2458,C110,2023-01-18,2749.66,Credit,West
2459,C170,2023-01-19,4138.47,Debit,East
2460,C190,2023-01-20,4740.32,Credit,West
2461,C045,2023-01-21,2445.54,Debit,North
2462,C127,2023-01-22,4588.56,Debit,West
2463,C067,2023-01-23,2148.47,Debit,South
2464,C002,2023-01-24,2771.27,Credit,North
2465,C064,2023-01-25,527.65,Debit,East
2466,C068,2023-01-26,3367.8,Debit,South
2467,C176,2023-01-27,3873.05,Debit,South
2468,C113,2023-01-28,1973.58,Debit,East
2469,C042,2023-01-29,3304.75,Credit,North
2470,C079,2023-01-30,419.26,Debit,East
2471,C168,2023-01-31,3019.65,Debit,North
2472,C060,2023-02-01,4168.03,Debit,North
2473,C070,2023-02-02,1843.13,Debit,South
2474,C023,2023-02-03,910.03,Debit,East
2475,C120,2023-02-04,2381.97,Credit,South
2476,C064,2023-02-05,2636.09,Debit,North
2477,C008,2023-02-06,376.74,Debit,South
2478,C122,2023-02-07,899.08,Credit,West
2479,C029,2023-02-08,4570.1,Debit,South
2480,C130,2023-02-09,4755.59,Credit,North
2481,C076,2023-01-01,91.47,Debit,East
2482,C134,2023-01-02,204.05,Debit,East
2483,C142,2023-01-03,1808.12,Debit,North
2484,C133,2023-01-04,4857.83,Credit,South
2485,C108,2023-01-05,811.63,Debit,South
2486,C107,2023-01-06,4962.96,Debit,North
2487,C164,2023-01-07,,Credit,West
2488,C085,2023-01-08,1387.77,Credit,North
2489,C159,2023-01-09,,Debit,West
2490,C168,2023-01-10,3689.57,Debit,North
2491,C108,2023-01-11,,Debit,South
2492,C049,2023-01-12,4320.75,Debit,East
2493,C092,2023-01-13,638.64,Debit,South
2494,C061,2023-01-14,4612.39,Debit,South
2495,C116,2023-01-15,1325.54,Credit,West
2496,C182,2023-01-16,1177.14,Credit,South
2497,C082,2023-01-17,2031.26,Debit,West
2498,C112,2023-01-18,2178.28,Credit,North
2499,C130,2023-01-19,2970.07,Credit,North
2500,C017,2023-01-20,757.79,Debit,West
2501,C183,2023-01-21,37.55,Debit,South
2502,C153,2023-01-22,350.63,Debit,South
2503,C007,2023-01-23,2911.1,Debit,North
2504,C129,2023-01-24,,Debit,East
2505,C026,2023-01-25,,Debit,East
2506,C036,2023-01-26,121.58,Credit,East
2507,C072,2023-01-27,89.9,Debit,West
2508,C078,2023-01-28,2504.65,Credit,East
2509,C078,2023-01-29,2348.02,Credit,East
2510,C174,2023-01-30,2038.83,Debit,North
2511,C006,2023-01-31,2420.36,Debit,East
2512,C058,2023-02-01,4966.46,Debit,South
2513,C180,2023-02-02,255.8,Debit,North
2514,C007,2023-02-03,1976.04,Credit,East
2515,C033,2023-02-04,2424.62,Credit,North
2516,C041,2023-02-05,3955.59,Debit,East
2517,C085,2023-02-06,3465.93,Credit,North
2518,C114,2023-02-07,293.78,Credit,South
2519,C104,2023-02-08,4278.86,Credit,East
2520,C063,2023-02-09,2441.64,Debit,West
2521,C110,2023-01-01,1115.58,Credit,South
2522,C079,2023-01-02,,Debit,North
2523,C146,2023-01-03,4629.69,Debit,West
2524,C189,2023-01-04,2947.95,Debit,North
2525,C056,2023-01-05,1467.2,Debit,North
2526,C036,2023-01-06,2160.57,Debit,West
2527,C019,2023-01-07,1142.42,Credit,East
2528,C198,2023-01-08,1099.13,Debit,North
2529,C024,2023-01-09,869.39,Debit,North
2530,C058,2023-01-10,3359.13,Credit,North
2531,C188,2023-01-11,3151.2,Debit,North
2532,C125,2023-01-12,1153.33,Debit,North
2533,C180,2023-01-13,251.59,Debit,West
2534,C062,2023-01-14,2219.34,Debit,West
2535,C198,2023-01-15,,Credit,North
2536,C126,2023-01-16,1411.6,Debit,West
2537,C115,2023-01-17,155.42,Debit,South
2538,C028,2023-01-18,1749.22,Debit,South
2539,C051,2023-01-19,1714.57,Credit,South
2540,C092,2023-01-20,,Debit,East
2541,C082,2023-01-21,4558.71,Credit,West
2542,C168,2023-01-22,4719.21,Debit,South
2543,C095,2023-01-23,3741.7,Credit,South
2544,C012,2023-01-24,1938.63,Debit,North
2545,C190,2023-01-25,556.15,Credit,South
2546,C113,2023-01-26,814.06,Debit,West
2547,C187,2023-01-27,1457.47,Credit,West
2548,C062,2023-01-28,1123.14,Credit,North
2549,C092,2023-01-29,3082.56,Credit,West
2550,C198,2023-01-30,4803.3,Credit,West
2551,C129,2023-01-31,864.29,Credit,West
2552,C001,2023-02-01,4901.21,Credit,West
2553,C001,2023-02-02,4930.55,Credit,East
2554,C175,2023-02-03,3053.09,Credit,East
2555,C092,2023-02-04,58.74,Debit,North
2556,C105,2023-02-05,1587.36,Debit,North
2557,C010,2023-02-06,,Debit,East
2558,C159,2023-02-07,1634.12,Debit,West
2559,C007,2023-02-08,3889.41,Debit,West
2560,C129,2023-02-09,2928.56,Debit,North
2561,C144,2023-01-01,2260.75,Debit,South
2562,C177,2023-01-02,173.88,Debit,West
2563,C067,2023-01-03,2393.1,Debit,East
2564,C108,2023-01-04,4846.29,Credit,West
2565,C099,2023-01-05,2039.01,Credit,North
2566,C040,2023-01-06,4829.71,Debit,North
2567,C033,2023-01-07,3854.95,Debit,East
2568,C057,2023-01-08,3216.47,Credit,East
2569,C117,2023-01-09,1915.35,Debit,South
2570,C146,2023-01-10,424.55,Credit,West
2571,C147,2023-01-11,954.37,Debit,East
2572,C045,2023-01-12,2891.7,Credit,North
2573,C103,2023-01-13,243.5,Debit,West
2574,C157,2023-01-14,1825.77,Debit,East
2575,C046,2023-01-15,3279.39,Credit,East
2576,C036,2023-01-16,4477.25,Credit,East
2577,C035,2023-01-17,2899.31,Debit,North
2578,C150,2023-01-18,265.42,Debit,South
2579,C108,2023-01-19,1710.51,Debit,East
2580,C004,2023-01-20,3734.6,Debit,East
2581,C011,2023-01-21,4092.25,Debit,South
2582,C153,2023-01-22,586.21,Credit,West
2583,C161,2023-01-23,2688.43,Debit,West
2584,C037,2023-01-24,4725.9,Debit,South
2585,C197,2023-01-25,4964.22,Debit,North
2586,C016,2023-01-26,3493.43,Credit,North
2587,C142,2023-01-27,2953.18,Debit,North
2588,C074,2023-01-28,4302.85,Credit,West
2589,C047,2023-01-29,,Debit,West
2590,C001,2023-01-30,4527.22,Debit,East
2591,C137,2023-01-31,1975.72,Credit,West
2592,C077,2023-02-01,4761.94,Credit,East
2593,C170,2023-02-02,886.89,Debit,West
2594,C108,2023-02-03,1163.6,Debit,West
2595,C039,2023-02-04,2238.45,Credit,East
2596,C008,2023-02-05,3700.03,Debit,North
2597,C111,2023-02-06,4003.49,Credit,East
2598,C022,2023-02-07,1279.06,Credit,North
2599,C088,2023-02-08,4509.67,Credit,North
2600,C099,2023-02-09,3377.37,Debit,North
2601,C005,2023-01-01,4882.55,Credit,North
2602,C154,2023-01-02,419.27,Debit,East
2603,C053,2023-01-03,1559.21,Debit,East
2604,C123,2023-01-04,2990.7,Credit,North
2605,C196,2023-01-05,4088.98,Debit,West
2606,C146,2023-01-06,799.38,Credit,West
2607,C042,2023-01-07,1807.87,Credit,East
2608,C024,2023-01-08,508.06,Credit,North
2609,C153,2023-01-09,866.09,Credit,North
2610,C028,2023-01-10,4912.46,Debit,North
2611,C196,2023-01-11,2582.42,Debit,West
2612,C043,2023-01-12,1431.58,Debit,North
2613,C001,2023-01-13,1860.62,Debit,South
2614,C031,2023-01-14,4628.75,Debit,South
2615,C096,2023-01-15,3152.46,Debit,East
2616,C115,2023-01-16,2572.9,Debit,East
2617,C017,2023-01-17,614.54,Debit,North
2618,C104,2023-01-18,264.86,Debit,East
2619,C166,2023-01-19,684.29,Debit,West
2620,C033,2023-01-20,3990.15,Debit,West
2621,C151,2023-01-21,1379.83,Debit,West
2622,C085,2023-01-22,2731.71,Debit,North
2623,C002,2023-01-23,836.61,Debit,North
2624,C050,2023-01-24,2325.8,Credit,South
2625,C139,2023-01-25,2272.69,Credit,North
2626,C176,2023-01-26,3536.94,Debit,East
2627,C108,2023-01-27,1969.58,Debit,East
2628,C132,2023-01-28,1228.68,Credit,East
2629,C070,2023-01-29,285.78,Debit,East
2630,C132,2023-01-30,3209.01,Debit,East
2631,C139,2023-01-31,2429.66,Credit,East
2632,C196,2023-02-01,4168.59,Debit,South
2633,C179,2023-02-02,1397.88,Debit,West
2634,C077,2023-02-03,1003.64,Debit,West
2635,C044,2023-02-04,872.68,Debit,East
2636,C043,2023-02-05,109.9,Credit,South
2637,C018,2023-02-06,1108.73,Credit,East
2638,C116,2023-02-07,307.04,Credit,North
2639,C020,2023-02-08,2216.02,Credit,West
2640,C104,2023-02-09,2422.42,Credit,West
2641,C171,2023-01-01,2141.36,Credit,North
2642,C020,2023-01-02,1541.98,Debit,West
2643,C073,2023-01-03,3474.08,Credit,West
2644,C160,2023-01-04,4542.47,Credit,North
2645,C018,2023-01-05,2206.47,Debit,East
2646,C116,2023-01-06,4942.24,Credit,South
2647,C068,2023-01-07,,Debit,North
2648,C032,2023-01-08,2104.23,Debit,West
2649,C160,2023-01-09,183.53,Credit,North
2650,C151,2023-01-10,330.86,Credit,North
2651,C005,2023-01-11,1294.5,Credit,North
2652,C112,2023-01-12,2247.86,Credit,East
2653,C123,2023-01-13,4635.66,Debit,East
2654,C065,2023-01-14,,Debit,East
2655,C094,2023-01-15,,Debit,South
2656,C087,2023-01-16,771.55,Debit,South
2657,C102,2023-01-17,1602.81,Credit,West
2658,C075,2023-01-18,2570.96,Debit,South
2659,C007,2023-01-19,4707.7,Debit,South
2660,C106,2023-01-20,818.43,Debit,South
2661,C101,2023-01-21,3512.09,Debit,East
2662,C188,2023-01-22,634.49,Debit,West
2663,C133,2023-01-23,2371.97,Debit,North
2664,C072,2023-01-24,179.94,Credit,East
2665,C072,2023-01-25,3060.79,Debit,South
2666,C148,2023-01-26,4080.94,Debit,North
2667,C015,2023-01-27,1362.5,Credit,East
2668,C117,2023-01-28,943.72,Credit,North
2669,C073,2023-01-29,2997.44,Debit,North
2670,C172,2023-01-30,1942.83,Debit,West
2671,C045,2023-01-31,3692.86,Credit,West
2672,C065,2023-02-01,960.69,Debit,East
2673,C128,2023-02-02,2339.88,Credit,West
2674,C175,2023-02-03,1978.36,Debit,East
2675,C014,2023-02-04,,Debit,South
2676,C099,2023-02-05,4640.48,Debit,West
2677,C133,2023-02-06,1741.44,Debit,North
2678,C076,2023-02-07,4252.87,Debit,North
2679,C182,2023-02-08,459.66,Credit,West
2680,C088,2023-02-09,565.03,Credit,West
2681,C064,2023-01-01,1410.35,Credit,West
2682,C133,2023-01-02,21.06,Credit,East
2683,C192,2023-01-03,75.48,Credit,North
2684,C189,2023-01-04,2894.05,Debit,North
2685,C122,2023-01-05,,Debit,North
2686,C115,2023-01-06,3237.08,Debit,East
2687,C175,2023-01-07,683.1,Credit,West
2688,C184,2023-01-08,270.93,Credit,East
2689,C164,2023-01-09,2858.99,Debit,East
2690,C155,2023-01-10,1015.21,Debit,South
2691,C087,2023-01-11,4640.41,Debit,South
2692,C133,2023-01-12,,Debit,North
2693,C087,2023-01-13,170.15,Debit,East
2694,C176,2023-01-14,62.46,Credit,South
2695,C050,2023-01-15,4297.22,Debit,East
2696,C145,2023-01-16,3731.69,Debit,North
2697,C171,2023-01-17,1512.69,Debit,North
2698,C130,2023-01-18,179.57,Debit,West
2699,C175,2023-01-19,4494.8,Credit,West
2700,C081,2023-01-20,917.91,Credit,East
2701,C001,2023-01-21,4207.14,Credit,West
2702,C135,2023-01-22,3612.84,Credit,South
2703,C111,2023-01-23,3672.16,Credit,North
2704,C032,2023-01-24,3333.09,Credit,South
2705,C056,2023-01-25,2555.13,Debit,North
2706,C100,2023-01-26,1736.0,Debit,North
2707,C055,2023-01-27,4669.85,Debit,East
2708,C129,2023-01-28,2709.51,Debit,North
2709,C088,2023-01-29,2896.08,Credit,South
2710,C082,2023-01-30,3749.89,Credit,North
2711,C078,2023-01-31,2597.49,Credit,East
2712,C073,2023-02-01,2010.72,Debit,North
2713,C020,2023-02-02,4179.66,Credit,South
2714,C184,2023-02-03,1494.06,Credit,West
2715,C024,2023-02-04,35.49,Debit,West
2716,C005,2023-02-05,4170.55,Credit,West
2717,C044,2023-02-06,3815.05,Debit,West
2718,C172,2023-02-07,3378.69,Credit,North
2719,C004,2023-02-08,4264.6,Debit,East
2720,C146,2023-02-09,4766.47,Debit,East
2721,C197,2023-01-01,171.63,Credit,East
2722,C166,2023-01-02,1866.13,Debit,East
2723,C044,2023-01-03,1460.7,Debit,South
2724,C126,2023-01-04,457.31,Credit,East
2725,C057,2023-01-05,1071.05,Debit,West
2726,C029,2023-01-06,1009.49,Debit,East
2727,C009,2023-01-07,3953.56,Credit,West
2728,C112,2023-01-08,3023.04,Credit,South
2729,C136,2023-01-09,599.06,Debit,South
2730,C109,2023-01-10,2487.88,Credit,East
2731,C197,2023-01-11,1823.43,Debit,North
2732,C145,2023-01-12,2984.63,Debit,North
2733,C105,2023-01-13,80.23,Credit,West
2734,C068,2023-01-14,978.95,Credit,South
2735,C134,2023-01-15,4037.08,Debit,East
2736,C048,2023-01-16,2684.1,Credit,South
2737,C083,2023-01-17,2233.33,Debit,North
2738,C176,2023-01-18,2858.84,Debit,West
2739,C064,2023-01-19,2007.02,Credit,North
2740,C057,2023-01-20,4897.28,Debit,South
2741,C034,2023-01-21,1857.46,Debit,East
2742,C039,2023-01-22,215.7,Debit,West
2743,C103,2023-01-23,3368.37,Debit,East
2744,C156,2023-01-24,,Debit,East
2745,C121,2023-01-25,625.69,Credit,West
2746,C162,2023-01-26,4951.68,Debit,North
2747,C037,2023-01-27,18.51,Debit,East
2748,C131,2023-01-28,3032.37,Credit,South
2749,C196,2023-01-29,3101.38,Credit,South
2750,C135,2023-01-30,2110.09,Debit,South
2751,C011,2023-01-31,3443.88,Debit,North
2752,C172,2023-02-01,1885.25,Credit,North
2753,C149,2023-02-02,2858.0,Credit,South
2754,C064,2023-02-03,4533.36,Debit,North
2755,C104,2023-02-04,2940.18,Credit,East
2756,C108,2023-02-05,2689.78,Debit,North
2757,C127,2023-02-06,3774.52,Debit,East
2758,C155,2023-02-07,473.46,Debit,East
2759,C062,2023-02-08,2812.91,Credit,South
2760,C118,2023-02-09,4771.43,Credit,East
2761,C042,2023-01-01,109.56,Debit,West
2762,C033,2023-01-02,3590.9,Credit,East
2763,C003,2023-01-03,3556.14,Debit,South
2764,C088,2023-01-04,4587.6,Credit,West
2765,C146,2023-01-05,,Debit,East
2766,C035,2023-01-06,1922.5,Credit,West
2767,C097,2023-01-07,2484.67,Credit,East
2768,C179,2023-01-08,3846.86,Credit,South
2769,C091,2023-01-09,3205.97,Credit,North
2770,C153,2023-01-10,1505.87,Credit,West
2771,C146,2023-01-11,2142.14,Debit,North
2772,C157,2023-01-12,1522.74,Debit,North
2773,C198,2023-01-13,4845.29,Debit,West
2774,C137,2023-01-14,4205.36,Debit,East
2775,C032,2023-01-15,2043.56,Credit,West
2776,C100,2023-01-16,1946.73,Debit,South
2777,C060,2023-01-17,391.5,Debit,West
2778,C012,2023-01-18,,Debit,West
2779,C186,2023-01-19,762.81,Debit,East
2780,C002,2023-01-20,2786.32,Credit,North
2781,C031,2023-01-21,734.77,Debit,North
2782,C126,2023-01-22,3165.35,Debit,West
2783,C196,2023-01-23,2125.74,Credit,East
2784,C126,2023-01-24,2443.34,Debit,North
2785,C005,2023-01-25,3685.52,Debit,West
2786,C063,2023-01-26,1036.1,Credit,West
2787,C014,2023-01-27,1517.54,Debit,South
2788,C139,2023-01-28,3576.28,Credit,East
2789,C142,2023-01-29,2090.18,Debit,West
2790,C008,2023-01-30,2741.8,Credit,South
2791,C040,2023-01-31,2589.85,Debit,East
2792,C114,2023-02-01,3721.03,Debit,West
2793,C051,2023-02-02,4745.09,Debit,East
2794,C140,2023-02-03,1658.78,Credit,West
2795,C103,2023-02-04,4169.91,Debit,East
2796,C197,2023-02-05,3029.36,Debit,South
2797,C161,2023-02-06,529.06,Debit,East
2798,C024,2023-02-07,725.87,Debit,South
2799,C032,2023-02-08,,Credit,West
2800,C047,2023-02-09,3013.52,Debit,West
2801,C069,2023-01-01,1646.68,Credit,East
2802,C116,2023-01-02,,Debit,West
2803,C180,2023-01-03,3083.88,Debit,West
2804,C135,2023-01-04,,Debit,South
2805,C194,2023-01-05,1271.46,Debit,East
2806,C087,2023-01-06,4500.32,Debit,South
2807,C190,2023-01-07,4079.27,Debit,North
2808,C105,2023-01-08,3399.77,Debit,West
2809,C169,2023-01-09,4579.55,Credit,North
2810,C019,2023-01-10,2275.48,Debit,North
2811,C197,2023-01-11,2159.19,Debit,South
2812,C031,2023-01-12,33.16,Credit,North
2813,C019,2023-01-13,582.11,Debit,South
2814,C060,2023-01-14,2019.43,Credit,South
2815,C052,2023-01-15,4401.99,Credit,West
2816,C023,2023-01-16,3982.59,Debit,North
2817,C113,2023-01-17,719.03,Credit,East
2818,C101,2023-01-18,180.02,Debit,West
2819,C016,2023-01-19,2110.68,Debit,North
2820,C154,2023-01-20,3276.76,Credit,North
2821,C070,2023-01-21,4313.8,Debit,South
2822,C005,2023-01-22,3761.27,Debit,South
2823,C050,2023-01-23,2783.9,Credit,West
2824,C074,2023-01-24,2044.12,Debit,North
2825,C004,2023-01-25,2074.15,Debit,South
2826,C153,2023-01-26,906.19,Debit,West
2827,C088,2023-01-27,1264.13,Debit,West
2828,C179,2023-01-28,1545.54,Debit,South
2829,C026,2023-01-29,,Debit,West
2830,C031,2023-01-30,3065.63,Debit,East
2831,C116,2023-01-31,1187.48,Debit,South
2832,C146,2023-02-01,4371.51,Debit,West
2833,C053,2023-02-02,4457.26,Debit,North
2834,C169,2023-02-03,1934.26,Credit,North
2835,C067,2023-02-04,3730.74,Debit,East
2836,C183,2023-02-05,1651.27,Debit,South
2837,C140,2023-02-06,492.71,Credit,East
2838,C153,2023-02-07,1045.26,Debit,North
2839,C028,2023-02-08,2819.92,Debit,South
2840,C028,2023-02-09,3343.77,Debit,West
2841,C053,2023-01-01,,Debit,South
2842,C026,2023-01-02,4250.84,Debit,West
2843,C135,2023-01-03,1547.71,Credit,East
2844,C126,2023-01-04,3089.37,Credit,East
2845,C054,2023-01-05,2944.34,Debit,South
2846,C126,2023-01-06,4980.56,Debit,South
2847,C186,2023-01-07,1322.88,Credit,South
2848,C187,2023-01-08,4941.69,Debit,North
2849,C097,2023-01-09,1596.2,Debit,North
2850,C050,2023-01-10,2119.64,Debit,North
2851,C059,2023-01-11,2173.32,Debit,West
2852,C157,2023-01-12,,Credit,West
2853,C024,2023-01-13,2940.96,Credit,East
2854,C133,2023-01-14,1714.09,Debit,South
2855,C065,2023-01-15,2206.12,Debit,North
2856,C138,2023-01-16,2333.68,Credit,East
2857,C133,2023-01-17,3006.47,Debit,East
2858,C014,2023-01-18,1033.56,Debit,North
2859,C106,2023-01-19,2202.66,Debit,East
2860,C033,2023-01-20,4963.6,Credit,North
2861,C155,2023-01-21,4411.11,Debit,West
2862,C140,2023-01-22,886.05,Credit,North
2863,C137,2023-01-23,516.67,Debit,East
2864,C001,2023-01-24,2840.64,Debit,West
2865,C195,2023-01-25,2788.28,Debit,West
2866,C057,2023-01-26,2902.01,Debit,East
2867,C173,2023-01-27,2339.74,Credit,North
2868,C149,2023-01-28,2904.47,Credit,East
2869,C191,2023-01-29,4257.57,Debit,South
2870,C089,2023-01-30,1009.89,Debit,North
2871,C093,2023-01-31,92.38,Debit,East
2872,C119,2023-02-01,3912.11,Credit,East
2873,C117,2023-02-02,2581.68,Debit,West
2874,C137,2023-02-03,4427.32,Debit,North
2875,C015,2023-02-04,3293.66,Credit,West
2876,C060,2023-02-05,519.8,Debit,South
2877,C134,2023-02-06,2459.7,Debit,East
2878,C159,2023-02-07,3050.8,Debit,West
2879,C092,2023-02-08,,Debit,South
2880,C185,2023-02-09,3130.06,Credit,South
2881,C195,2023-01-01,4709.03,Credit,South
2882,C188,2023-01-02,3832.92,Credit,West
2883,C078,2023-01-03,894.36,Debit,South
2884,C145,2023-01-04,335.54,Debit,North
2885,C160,2023-01-05,3850.66,Debit,East
2886,C018,2023-01-06,1061.66,Credit,East
2887,C067,2023-01-07,1303.64,Debit,North
2888,C037,2023-01-08,3060.42,Debit,North
2889,C080,2023-01-09,2971.84,Debit,South
2890,C070,2023-01-10,3700.44,Debit,West
2891,C187,2023-01-11,2698.87,Debit,North
2892,C113,2023-01-12,3851.14,Debit,East
2893,C159,2023-01-13,1404.69,Debit,North
2894,C143,2023-01-14,641.48,Credit,East
2895,C126,2023-01-15,344.64,Debit,North
2896,C122,2023-01-16,3345.46,Debit,North
2897,C039,2023-01-17,2790.67,Debit,West
2898,C015,2023-01-18,3490.18,Debit,South
2899,C156,2023-01-19,1586.64,Credit,East
2900,C177,2023-01-20,4391.93,Debit,East
2901,C155,2023-01-21,3954.68,Credit,West
2902,C009,2023-01-22,4316.91,Debit,North
2903,C030,2023-01-23,940.12,Debit,East
2904,C083,2023-01-24,1946.1,Debit,West
2905,C196,2023-01-25,1589.49,Debit,North
2906,C097,2023-01-26,4202.5,Debit,South
2907,C044,2023-01-27,2619.43,Debit,East
2908,C168,2023-01-28,4547.95,Debit,South
2909,C123,2023-01-29,3408.34,Credit,North
2910,C088,2023-01-30,2919.31,Credit,South
2911,C114,2023-01-31,3397.65,Credit,South
2912,C056,2023-02-01,2770.3,Debit,North
2913,C131,2023-02-02,1774.98,Debit,North
2914,C045,2023-02-03,2898.8,Debit,North
2915,C178,2023-02-04,3856.45,Debit,North
2916,C139,2023-02-05,1535.74,Debit,West
2917,C105,2023-02-06,4726.61,Debit,South
2918,C062,2023-02-07,,Credit,West
2919,C014,2023-02-08,3347.29,Debit,West
2920,C112,2023-02-09,3192.08,Debit,East
2921,C085,2023-01-01,1884.03,Credit,North
2922,C180,2023-01-02,2565.49,Debit,West
2923,C197,2023-01-03,2748.2,Credit,South
2924,C074,2023-01-04,4197.49,Credit,East
2925,C117,2023-01-05,3474.19,Credit,East
2926,C163,2023-01-06,309.69,Debit,East
2927,C060,2023-01-07,3485.87,Credit,North
2928,C031,2023-01-08,2176.35,Debit,West
2929,C197,2023-01-09,2840.9,Debit,West
2930,C085,2023-01-10,3204.75,Debit,West
2931,C067,2023-01-11,,Credit,West
2932,C194,2023-01-12,4424.06,Debit,North
2933,C158,2023-01-13,3820.45,Debit,South
2934,C077,2023-01-14,644.78,Debit,South
2935,C101,2023-01-15,3933.12,Debit,West
2936,C120,2023-01-16,3823.73,Credit,North
2937,C083,2023-01-17,2929.87,Credit,South
2938,C094,2023-01-18,939.87,Credit,West
2939,C143,2023-01-19,3311.04,Debit,South
2940,C181,2023-01-20,2993.78,Debit,West
2941,C003,2023-01-21,442.52,Credit,West
2942,C055,2023-01-22,4016.81,Debit,East
2943,C095,2023-01-23,571.27,Debit,West
2944,C097,2023-01-24,4410.61,Debit,South
2945,C134,2023-01-25,,Credit,West
2946,C064,2023-01-26,877.41,Debit,South
2947,C055,2023-01-27,4827.01,Credit,South
2948,C108,2023-01-28,2461.04,Debit,East
2949,C054,2023-01-29,2728.62,Credit,North
2950,C160,2023-01-30,878.15,Credit,East
2951,C024,2023-01-31,3427.82,Credit,North
2952,C185,2023-02-01,2548.9,Credit,West
2953,C022,2023-02-02,1728.19,Credit,North
2954,C175,2023-02-03,4371.96,Credit,South
2955,C125,2023-02-04,1820.79,Credit,East
2956,C195,2023-02-05,850.46,Credit,South
2957,C200,2023-02-06,4855.88,Debit,East
2958,C102,2023-02-07,3532.73,Debit,South
2959,C097,2023-02-08,283.23,Credit,East
2960,C129,2023-02-09,1433.6,Credit,North
2961,C184,2023-01-01,809.39,Credit,South
2962,C087,2023-01-02,3369.17,Debit,West
2963,C067,2023-01-03,1067.39,Debit,North
2964,C122,2023-01-04,248.03,Credit,West
2965,C050,2023-01-05,2671.78,Debit,East
2966,C128,2023-01-06,3331.94,Debit,South
2967,C171,2023-01-07,129.35,Credit,South
2968,C150,2023-01-08,,Debit,South
2969,C164,2023-01-09,3013.62,Debit,North
2970,C130,2023-01-10,375.5,Debit,West
2971,C033,2023-01-11,418.08,Credit,North
2972,C058,2023-01-12,2113.82,Debit,East
2973,C128,2023-01-13,2338.48,Debit,West
2974,C178,2023-01-14,4130.06,Debit,East
2975,C064,2023-01-15,4031.15,Credit,West
2976,C097,2023-01-16,3894.98,Credit,East
2977,C114,2023-01-17,1568.85,Debit,East
2978,C035,2023-01-18,2008.58,Debit,East
2979,C096,2023-01-19,3481.13,Credit,North
2980,C071,2023-01-20,805.71,Credit,East
2981,C093,2023-01-21,4786.58,Credit,South
2982,C192,2023-01-22,1553.95,Credit,North
2983,C085,2023-01-23,4547.64,Debit,North
2984,C156,2023-01-24,1194.24,Debit,East
2985,C147,2023-01-25,1656.0,Credit,East
2986,C187,2023-01-26,1507.36,Debit,North
2987,C147,2023-01-27,2809.71,Debit,North
2988,C139,2023-01-28,4914.87,Debit,North
2989,C060,2023-01-29,1539.46,Debit,South
2990,C100,2023-01-30,2936.75,Debit,North
2991,C024,2023-01-31,2434.54,Credit,South
2992,C138,2023-02-01,3340.57,Credit,North
2993,C044,2023-02-02,3132.02,Debit,North
2994,C092,2023-02-03,2859.3,Debit,North
2995,C010,2023-02-04,3128.17,Debit,North
2996,C024,2023-02-05,1695.53,Debit,East
2997,C061,2023-02-06,2406.12,Debit,North
2998,C036,2023-02-07,2184.36,Credit,West
2999,C113,2023-02-08,512.49,Credit,South
3000,C076,2023-02-09,73.16,Debit,North
2861,C155,2023-01-21,4411.11,Debit,West
1354,C022,2023-02-03,3090.93,Debit,East
2334,C125,2023-01-14,796.54,Credit,North
1906,C198,2023-01-26,4702.39,Debit,North
2290,C077,2023-01-10,3212.31,Credit,South
2274,C073,2023-02-03,418.21,Credit,South
1939,C154,2023-01-19,4682.19,Credit,South
2732,C145,2023-01-12,2984.63,Debit,North
1066,C116,2023-01-26,1395.1,Debit,South
2324,C176,2023-01-04,134.65,Credit,East
1057,C100,2023-01-17,1482.61,Credit,East
2293,C164,2023-01-13,1752.82,Debit,North
2119,C031,2023-02-08,255.99,Credit,West
1585,C158,2023-01-25,306.58,Credit,South
1375,C074,2023-01-15,1445.55,Debit,North
1276,C047,2023-02-05,,Credit,West
1747,C171,2023-01-27,2498.66,Debit,West
1129,C034,2023-01-09,3405.58,Credit,West
2647,C068,2023-01-07,,Debit,North
2853,C024,2023-01-13,2940.96,Credit,East
1675,C148,2023-02-04,1249.1,Credit,East
2665,C072,2023-01-25,3060.79,Debit,South
2982,C192,2023-01-22,1553.95,Credit,North
2084,C123,2023-01-04,,Debit,East
2923,C197,2023-01-03,2748.2,Credit,South
1100,C175,2023-01-20,2137.91,Credit,East
2180,C072,2023-01-20,4406.49,Debit,South
1965,C022,2023-01-05,676.48,Debit,North
1793,C107,2023-02-02,4099.63,Debit,North
1030,C049,2023-01-30,330.36,Credit,North
